Available,Cost,Event name,Category,Organizer,Link,Date,Beginning Date,Ending Date,Time,Location,Photo,Summary
,,ä½ ç•«ä½ æœ¬èº«çš„å‚³å¥‡,exhibition,rollingbooks_hk,,till 19/6,14/6,19/6,,å¤©æ°´åœå¤©æ¾¤å•†å ´G/F,,ã€ä½ ç•«ä½ æœ¬èº«çš„å‚³å¥‡ã€‘ @rollingbooks_hk | till 19/6 | å¤©æ°´åœå¤©æ¾¤å•†å ´G/F
,,ç¹”å³å”§è·¡ç©ç¸¾è¹Ÿ,exhibition,artandcultureoutreach,,till 22/6,18/5,22/6,1-7pm,è‰ºéµ è—è¡“ç©ºé–“,,ã€ç¹”å³å”§è·¡ç©ç¸¾è¹Ÿã€‘ @artandcultureoutreach | till 22/6 | è‰ºéµ è—è¡“ç©ºé–“
,,èšï½œã€Œä½ çš„æ•…äº‹Â·æˆ‘çš„å•Ÿç¤ºã€ç¤¾å€æ•…äº‹ç³»åˆ—è¨ˆåŠƒå±•è¦½,exhibition,underproductionhk,,till 22/6,21/6,22/6,10am-6pm,ä¹é¾åŸçŸ³å±‹å®¶åœ’,,ã€èšï½œã€Œä½ çš„æ•…äº‹Â·æˆ‘çš„å•Ÿç¤ºã€ç¤¾å€æ•…äº‹ç³»åˆ—è¨ˆåŠƒå±•è¦½ã€‘ @underproductionhk | till 22/6 | ä¹é¾åŸçŸ³å±‹å®¶åœ’
,,æ£®å·æ­¥æœ¨é›•ä½œå“å±•ï¼šã€ŠåŸé»ã€‹,exhibition,alvdalen,,till 23/6,25/5,23/6,11am-9pm,éæ—¥è¾° CAFE,,ã€æ£®å·æ­¥æœ¨é›•ä½œå“å±•ï¼šã€ŠåŸé»ã€‹ã€‘ @alvdalen | till 23/6 | éæ—¥è¾° CAFE
,,â€œMAMADAYLAH éº»éº»åœ°å•¦â€ | OMACKE,exhibition,youngsoygallery,,till 23/6,6/6,23/6,,"G/F, 40A Upper Lascar Row, Sheung Wan",,"ã€â€œMAMADAYLAH éº»éº»åœ°å•¦â€ | OMACKEã€‘ @youngsoygallery | till 23/6 | G/F, 40A Upper Lascar Row, Sheung Wan"
,,é¦™æ¸¯æµ¸æœƒå¤§å­¸è¦–è¦ºè—è¡“é™¢æœ¬ç§‘ç•¢æ¥­å±•,exhibition,avabagradshow,,till 23/6,1/6,23/6,,è§€å¡˜é“ 51 è™Ÿå•Ÿå¾·æ ¡åœ’,,ã€é¦™æ¸¯æµ¸æœƒå¤§å­¸è¦–è¦ºè—è¡“é™¢æœ¬ç§‘ç•¢æ¥­å±•ã€‘ @avabagradshow | till 23/6 | è§€å¡˜é“ 51 è™Ÿå•Ÿå¾·æ ¡åœ’
,,å…­æœˆç‰©èª,exhibition,parallel_space_hk,,till 23/6,9/6,23/6,,Parallel Space,,ã€å…­æœˆç‰©èªã€‘ @parallel_space_hk | till 23/6 | Parallel Space
,,å€ªåŒ¡èˆ‡è¡›æ–¯ç†å±•è¦½,exhibition,,,till 25/6,25/5,25/6,,èª å“éŠ…é‘¼é‘¼9F,,ã€å€ªåŒ¡èˆ‡è¡›æ–¯ç†å±•è¦½ã€‘ @ | till 25/6 | èª å“éŠ…é‘¼é‘¼9F
,,æœ¬ç§‘ç”Ÿç•¢æ¥­å±• â€”ã€Šè—å¥½ä»Šæ™šçš„æœˆäº®ã€‹ ï¼ˆâ€˜Once In A Blue Moonâ€™ï¼‰,exhibition,theartofcuhk2024,,till 26/6,2/6,26/6,,é¦™æ¸¯ä¸­æ–‡å¤§å­¸æ–‡ç‰©é¤¨å±•å»³,,ã€æœ¬ç§‘ç”Ÿç•¢æ¥­å±• â€”ã€Šè—å¥½ä»Šæ™šçš„æœˆäº®ã€‹ ï¼ˆâ€˜Once In A Blue Moonâ€™ï¼‰ã€‘ @theartofcuhk2024 | till 26/6 | é¦™æ¸¯ä¸­æ–‡å¤§å­¸æ–‡ç‰©é¤¨å±•å»³
,,å·´é»è–æ¯é™¢ï¼šé‡å»ºâ€¢é‡è¦‹Notreâ€“Dame (Re)births,exhibition,arttechtalks,,till 28/6,22/4,28/6,10am-10pm,é¦™æ¸¯åŸå¸‚å¤§å­¸é‚µé€¸å¤«åœ–æ›¸é¤¨å’Œå¯ŒåŸºé‡‘å»Š,,ã€å·´é»è–æ¯é™¢ï¼šé‡å»ºâ€¢é‡è¦‹Notreâ€“Dame (Re)birthsã€‘ @arttechtalks | till 28/6 | é¦™æ¸¯åŸå¸‚å¤§å­¸é‚µé€¸å¤«åœ–æ›¸é¤¨å’Œå¯ŒåŸºé‡‘å»Š
,,è‡ªç„¶èˆ‡å‹•ç‰©äº¤éŸ¿æ›² - Wild Harmony,exhibition,hkillustrators,,till 28/6,15/6,28/6,,"Rm 1105, Eastcoreâ€¨398 - 402 Kwun Tong Road",,"ã€è‡ªç„¶èˆ‡å‹•ç‰©äº¤éŸ¿æ›² - Wild Harmonyã€‘ @hkillustrators | till 28/6 | Rm 1105, Eastcoreâ€¨398 - 402 Kwun Tong Road"
,,è·é›¢ï¼ˆæ¶ˆé€ä¹‹å¾Œï¼‰,exhibition,lumenvisum,,till 28/6,8/6,28/6,1-7pm,è‰ºéµ ACO,,ã€è·é›¢ï¼ˆæ¶ˆé€ä¹‹å¾Œï¼‰ã€‘ @lumenvisum | till 28/6 | è‰ºéµ ACO
,,ç•°æƒ³èˆ‡è’èª• â€” å¡å¤«å¡çš„å‰µä½œæ™¯è§€,exhibition,book.theplace,,till 28/6,16/5,28/6,,the PLACE @å•†å‹™å°æ›¸é¤¨å°–æ²™å’€åœ–æ›¸ä¸­å¿ƒ,,ã€ç•°æƒ³èˆ‡è’èª• â€” å¡å¤«å¡çš„å‰µä½œæ™¯è§€ã€‘ @book.theplace | till 28/6 | the PLACE @å•†å‹™å°æ›¸é¤¨å°–æ²™å’€åœ–æ›¸ä¸­å¿ƒ
,,The Art of YOU,exhibition,meiting.isabella_lai,,till 28/6,31/5,28/6,,Landmark South,,ã€The Art of YOUã€‘ @meiting.isabella_lai | till 28/6 | Landmark South
,Free,è·é›¢ï¼ˆæ¶ˆé€ä¹‹å¾Œï¼‰,exhibition,ericat.verse,https://www.instagram.com/p/C75tS-uvP2l/,till 28/6,8/6,28/6,,ä¸€åªåŠæ€§åˆ¥ç©ºé–“,,ã€è·é›¢ï¼ˆæ¶ˆé€ä¹‹å¾Œï¼‰ã€‘ @ericat.verse | till 28/6 | ä¸€åªåŠæ€§åˆ¥ç©ºé–“
,,ã€Wrongå‘€TAGï¼ã€‘æ¨™ç±¤ X æ€§æ–‡åŒ– å±•è¦½,exhibition,fpahk.sexedu,,till 29/6,8/4,29/6,,å®¶è¨ˆæœƒè³½é¦¬æœƒé’Zoneæ´»å‹•åŠè³‡æºé¤¨,,ã€ã€Wrongå‘€TAGï¼ã€‘æ¨™ç±¤ X æ€§æ–‡åŒ– å±•è¦½ã€‘ @fpahk.sexedu | till 29/6 | å®¶è¨ˆæœƒè³½é¦¬æœƒé’Zoneæ´»å‹•åŠè³‡æºé¤¨
,,å¦é¡æ™‚é–“ï¼šåœ¨ç§»å‹•ä¸­å°‹è·¯,exhibition,lumenvisum,,till 29/6,5/6,29/6,1-7pm,Mooroom,,ã€å¦é¡æ™‚é–“ï¼šåœ¨ç§»å‹•ä¸­å°‹è·¯ã€‘ @lumenvisum | till 29/6 | Mooroom
,,"JeremyFungâ€™s solo exhibition, â€œMetamorphosisâ€",exhibition,sc_gallery_sharon,,till 29/6,22/5,29/6,,SC Gallery,,"ã€JeremyFungâ€™s solo exhibition, â€œMetamorphosisâ€ã€‘ @sc_gallery_sharon | till 29/6 | SC Gallery"
,,æ¨¹æ¢¢ä¸‹æœ‰å…‰ â€”â€” æ¤ç‰©å°æŸ“å±•è¦½,exhibition,highrock_stewards,,till 30/6,,30/6,,é¦™æ¸¯ç¥è¨—æœƒéˆåŸºç‡Ÿ,,ã€æ¨¹æ¢¢ä¸‹æœ‰å…‰ â€”â€” æ¤ç‰©å°æŸ“å±•è¦½ã€‘ @highrock_stewards | till 30/6 | é¦™æ¸¯ç¥è¨—æœƒéˆåŸºç‡Ÿ
,Free,æƒ…æ„Ÿå¹¾ä½• Geometry of the Sentiments,exhibition,1a_space,https://www.instagram.com/p/C7VzT3RpQOj/?igsh=MXh2cGw2dnU5b3Rieg%3D%3D&img_index=1,till 30/6,1/6,30/6,,1a ç©ºé–“,,ã€æƒ…æ„Ÿå¹¾ä½• Geometry of the Sentimentsã€‘ @1a_space | till 30/6 | 1a ç©ºé–“
,,æ´ç©´,exhibition,lumenvisum,,till 30/6,7/6,30/6,,Areaï½œå‰æ¥­è¡—158è™ŸKT ONEåŒå‰µåŒ¯5æ¨“Bå®¤,,ã€æ´ç©´ã€‘ @lumenvisum | till 30/6 | Areaï½œå‰æ¥­è¡—158è™ŸKT ONEåŒå‰µåŒ¯5æ¨“Bå®¤
,,å·¥å»ˆè§’è½,exhibition,lumenvisum,,till 30/6,15/6,30/6,1-6pm,Wure Area,,ã€å·¥å»ˆè§’è½ã€‘ @lumenvisum | till 30/6 | Wure Area
,,ã€Œå®¶ã€â”€â”€é™³å·§çœŸï¼šè¸±æ­¥,exhibition,wma_hk,,till 30/6,18/4,30/6,12-7pm,WMA,,ã€ã€Œå®¶ã€â”€â”€é™³å·§çœŸï¼šè¸±æ­¥ã€‘ @wma_hk | till 30/6 | WMA
,,è¯èŠ³æ˜ ç›¸ ï¼š é¦™æ¸¯é¢¨ç‰©ç¯‡ï¼ˆ1870-1890å¹´ä»£ï¼‰â”€ è•­éšªå³°å…ˆç”Ÿè—å“å±•,exhibition,lumenvisum,,till 30/6,1/6,30/6,,å…‰å½±ä½œåŠ,,ã€è¯èŠ³æ˜ ç›¸ ï¼š é¦™æ¸¯é¢¨ç‰©ç¯‡ï¼ˆ1870-1890å¹´ä»£ï¼‰â”€ è•­éšªå³°å…ˆç”Ÿè—å“å±•ã€‘ @lumenvisum | till 30/6 | å…‰å½±ä½œåŠ
,Free,ã€Œæ¥æ£’æœªä¾†ã€å±•è¦½â€”â€”ç¬¬ä¸€éƒ¨åˆ†: ã€Œéç•Œã€,exhibition,designspectrum.hk,https://www.instagram.com/p/C7jJaCDuZoU/?igsh=MXYxdWN0NGJyd3Z3,till 30/6,15/5,30/6,10am-7pm,è”æè§’é•·ç¾©è¡—9è™ŸD2 Placeä¸€æœŸ7æ¨“Aå®¤,,ã€ã€Œæ¥æ£’æœªä¾†ã€å±•è¦½â€”â€”ç¬¬ä¸€éƒ¨åˆ†: ã€Œéç•Œã€ã€‘ @designspectrum.hk | till 30/6 | è”æè§’é•·ç¾©è¡—9è™ŸD2 Placeä¸€æœŸ7æ¨“Aå®¤
,,é¹½ç”°ã€Œæ•…ã€ä»”æ’ç•«å±•,exhibition,yttstorytelling,,till 30/6,12/5,30/6,,Colour Brown Coffee,,ã€é¹½ç”°ã€Œæ•…ã€ä»”æ’ç•«å±•ã€‘ @yttstorytelling | till 30/6 | Colour Brown Coffee
,,è„Šæ¤ä¸æœƒè¨˜å¾—å®ƒçš„ç¿…è†€ æ²ˆå­¸ç¿¹/é˜®éº—æ€¡ é›™å€‹å±•,exhibition,1999_artspace,,till 30/6,7/6,30/6,,Artspace 1999,,ã€è„Šæ¤ä¸æœƒè¨˜å¾—å®ƒçš„ç¿…è†€ æ²ˆå­¸ç¿¹/é˜®éº—æ€¡ é›™å€‹å±•ã€‘ @1999_artspace | till 30/6 | Artspace 1999
,,åŠ‰é’é›²xå³é®å®‡ å°å‹ä½œå“å›é¡§å±•,exhibition,moviemarkshk,,till 30/6,7/6,30/6,,Moviemarks,,ã€åŠ‰é’é›²xå³é®å®‡ å°å‹ä½œå“å›é¡§å±•ã€‘ @moviemarkshk | till 30/6 | Moviemarks
,,ANNEMARIE SCHWARZENBACK PHOTO EXHIBITION,exhibition,eaton.hk,,till 30/6,13/6,30/6,,Eaton HK,,ã€ANNEMARIE SCHWARZENBACK PHOTO EXHIBITIONã€‘ @eaton.hk | till 30/6 | Eaton HK
,,æ‹†ç‰Œé“å­— ğ‘©ğ’†ğ’šğ’ğ’ğ’… ğ‘­ğ’ğ’ğ’•ğ’” ğ‘©ğ’†ğ’šğ’ğ’ğ’… ğ‘ºğ’Šğ’ˆğ’ğ’ƒğ’ğ’‚ğ’“ğ’…ğ’”,exhibition,lingnan.macah,,till 30/6,22/6,30/6,12-7pm,è³½é¦¬æœƒå‰µæ„è—è¡“ä¸­å¿ƒL0è—å»Š,,ã€æ‹†ç‰Œé“å­— ğ‘©ğ’†ğ’šğ’ğ’ğ’… ğ‘­ğ’ğ’ğ’•ğ’” ğ‘©ğ’†ğ’šğ’ğ’ğ’… ğ‘ºğ’Šğ’ˆğ’ğ’ƒğ’ğ’‚ğ’“ğ’…ğ’”ã€‘ @lingnan.macah | till 30/6 | è³½é¦¬æœƒå‰µæ„è—è¡“ä¸­å¿ƒL0è—å»Š
,,é‹¼ä¹‹éŒ¬é‡‘è¡“å¸«å±•ãƒ»é¦™æ¸¯ç«™,exhibition,fma.exhibition,,till 1/7,29/4,1/7,10am-10pm,Anima Tokyo,,ã€é‹¼ä¹‹éŒ¬é‡‘è¡“å¸«å±•ãƒ»é¦™æ¸¯ç«™ã€‘ @fma.exhibition | till 1/7 | Anima Tokyo
,,å°è˜­å‡ºæ²’æ³¨æ„,exhibition,the_hill_workshop,,till 1/7,21/6,1/7,,è³½é¦¬æœƒå‰µæ„è—è¡“ä¸­å¿ƒä¸­å¤®åº­åœ’,,ã€å°è˜­å‡ºæ²’æ³¨æ„ã€‘ @the_hill_workshop | till 1/7 | è³½é¦¬æœƒå‰µæ„è—è¡“ä¸­å¿ƒä¸­å¤®åº­åœ’
,Free,ã€Šé„‰éƒŠã€æ•…äº‹ã€å¾©è‚²â‹¯ç„¶ä¹‹å¾Œï¼Ÿã€‹æ•…äº‹æ•´ç†å®¤@è‡¨æ™‚åº«å­˜,exhibition,ruralcommon.hk,,till 1/7,23/6,1/7,,è‡¨æ™‚åº«å­˜,,ã€ã€Šé„‰éƒŠã€æ•…äº‹ã€å¾©è‚²â‹¯ç„¶ä¹‹å¾Œï¼Ÿã€‹æ•…äº‹æ•´ç†å®¤@è‡¨æ™‚åº«å­˜ã€‘ @ruralcommon.hk | till 1/7 | è‡¨æ™‚åº«å­˜
,Free,ç¬¬28å±†ä¸­å¤§å»ºç¯‰å­¸ç¢©å£«ç•¢æ¥­ç”Ÿä½œå“å±•,exhibition,kongcept852,https://www.instagram.com/p/C8jlTXiPgvj/?img_index=1,till 2/7,27/6,2/7,,ç£ä»”é¦™æ¸¯è—è¡“ä¸­å¿ƒ//åŒ…æ°ç•«å»Š,,ã€ç¬¬28å±†ä¸­å¤§å»ºç¯‰å­¸ç¢©å£«ç•¢æ¥­ç”Ÿä½œå“å±•ã€‘ @kongcept852 | till 2/7 | ç£ä»”é¦™æ¸¯è—è¡“ä¸­å¿ƒ//åŒ…æ°ç•«å»Š
,,èˆå°åŠè£½ä½œè—è¡“ç•¢æ¥­å±•ï¼šè£½ä½œç®¡ç†ç³»/èˆå°è¨­è¨ˆç³»,exhibition,hkapadesign.gradex,,till 5/7,28/6,5/7,,é¦™æ¸¯æ¼”è—å­¸é™¢,,ã€èˆå°åŠè£½ä½œè—è¡“ç•¢æ¥­å±•ï¼šè£½ä½œç®¡ç†ç³»/èˆå°è¨­è¨ˆç³»ã€‘ @hkapadesign.gradex | till 5/7 | é¦™æ¸¯æ¼”è—å­¸é™¢
,,â€œmoketeâ€: Neo Matlogaâ€™s first solo exhibition,exhibition,mouprojects,,till 6/7,25/5,6/7,,MOU PROJECTS,,ã€â€œmoketeâ€: Neo Matlogaâ€™s first solo exhibitionã€‘ @mouprojects | till 6/7 | MOU PROJECTS
,,æŒ¯ç›ªï¼šè³ªæ„Ÿèˆ‡å‹•æ„Ÿçš„è—è¡“æ¢ç´¢,exhibition,elsajeandedieustudio,,till 7/7,25/5,7/7,,Archetypal,,ã€æŒ¯ç›ªï¼šè³ªæ„Ÿèˆ‡å‹•æ„Ÿçš„è—è¡“æ¢ç´¢ã€‘ @elsajeandedieustudio | till 7/7 | Archetypal
,Free,é¦™æ¸¯æ™‚åœ°äººç•¢æ¥­å±•ï¼šæ ½ç¨®è‡ªå·±çš„ç¤¾å€,exhibition,urbandiarist,https://www.instagram.com/p/C8blB8zzbv5/,till 7/7,24/6,7/7,,éŠ…é‘¼ç£æ™‚ä»£å»£å ´åœ°ä¸‹æœ‰è“‹å»£å ´,,ã€é¦™æ¸¯æ™‚åœ°äººç•¢æ¥­å±•ï¼šæ ½ç¨®è‡ªå·±çš„ç¤¾å€ã€‘ @urbandiarist | till 7/7 | éŠ…é‘¼ç£æ™‚ä»£å»£å ´åœ°ä¸‹æœ‰è“‹å»£å ´
,,ã€é¦™æ¸¯åœ°å¡—ã€ç•«å±•,exhibition,bistrocityhk,,till 8/7,9/4,8/7,12-9pm,åŸä¸­é¤¨å­,,ã€ã€é¦™æ¸¯åœ°å¡—ã€ç•«å±•ã€‘ @bistrocityhk | till 8/7 | åŸä¸­é¤¨å­
,,å¤ã®é…’å™¨å±•,exhibition,wakaartisans,https://www.instagram.com/p/C8Go8nqS201/,till 8/7,27/6,8/7,,"The Cove, 40A Upper Lascar Row, Sheung Wan",,"ã€å¤ã®é…’å™¨å±•ã€‘ @wakaartisans | till 8/7 | The Cove, 40A Upper Lascar Row, Sheung Wan"
,Free,ç´°çœ‹ä¸­è¥¿å€å¾®å‹å±•,exhibition,joyfulminiature_hk,https://www.instagram.com/p/C8mnwtpSlDR/?img_index=1,till 8/7,21/6,8/7,,é‡‘é˜å¤ªå¤å»£å ´L1å±¤ Park Court,,ã€ç´°çœ‹ä¸­è¥¿å€å¾®å‹å±•ã€‘ @joyfulminiature_hk | till 8/7 | é‡‘é˜å¤ªå¤å»£å ´L1å±¤ Park Court
,,Elephant in the Hat,exhibition,artbridgerofficial,https://www.instagram.com/p/C8g86WZPm8C/?img_index=1,till 12/7,11/7,12/7,,Soho House,,ã€Elephant in the Hatã€‘ @artbridgerofficial | till 12/7 | Soho House
,,å‹•æ¼«å‚¬åŒ–åŠ‘ - Manga Magic,exhibition,hkillustrators,https://www.instagram.com/p/C6p1G6vPVKS/?img_index=2,till 12/7,29/6,12/7,,"Rm 1105, Eastcoreâ€¨398 - 402 Kwun Tong Road",,"ã€å‹•æ¼«å‚¬åŒ–åŠ‘ - Manga Magicã€‘ @hkillustrators | till 12/7 | Rm 1105, Eastcoreâ€¨398 - 402 Kwun Tong Road"
,,ã€éƒ­åŸºæ¬Š â€”â€” æ­·å²Â·è¡—é ­æ–‡åŒ–å±•ã€‘ã€Šè©±èªªå¤§å‘è¥¿â€”â€”ã€Œå®¶ã€çš„è‡ªç™½èˆ‡æ—ç™½ã€‹,exhibition,cogito._hk,,till 13/7,8/7,13/7,,é¦™æ¸¯ä¸­æ–‡å¤§å­¸å´‡åŸºå­¸é™¢é¾”ç´„ç¿°å­¸ç”Ÿä¸­å¿ƒ LG4,,ã€ã€éƒ­åŸºæ¬Š â€”â€” æ­·å²Â·è¡—é ­æ–‡åŒ–å±•ã€‘ã€Šè©±èªªå¤§å‘è¥¿â€”â€”ã€Œå®¶ã€çš„è‡ªç™½èˆ‡æ—ç™½ã€‹ã€‘ @cogito._hk | till 13/7 | é¦™æ¸¯ä¸­æ–‡å¤§å­¸å´‡åŸºå­¸é™¢é¾”ç´„ç¿°å­¸ç”Ÿä¸­å¿ƒ LG4
,,Emily Allchurch: Multi Storied,exhibition,karinweber_gallery,https://www.instagram.com/p/C71BSFAPtJj/,till 13/7,6/6,13/7,,Karinl Weber Gallery,,ã€Emily Allchurch: Multi Storiedã€‘ @karinweber_gallery | till 13/7 | Karinl Weber Gallery
,,å—å€«ç¾ï¼šæ–°ç›†æ™¯ Yoonmi Nam: Arranged Flowers,exhibition,hkopenprintshop,,till 14/7,1/6,14/7,,HKOP Gallery,,ã€å—å€«ç¾ï¼šæ–°ç›†æ™¯ Yoonmi Nam: Arranged Flowersã€‘ @hkopenprintshop | till 14/7 | HKOP Gallery
,,è‡ªç„¶éè‡ªç„¶,exhibition,natureaperception,,till 14/7,8/6,14/7,,HART Haus,,ã€è‡ªç„¶éè‡ªç„¶ã€‘ @natureaperception | till 14/7 | HART Haus
,,ã€ŒåŒæ…¶ééºã€å±•è¦½ï¼šå°ç« é›•åˆ»æŠ€è—,exhibition,ichplus_org,,till 14/7,27/6,14/7,,é¥’å®—é ¤æ–‡åŒ–é¤¨,,ã€ã€ŒåŒæ…¶ééºã€å±•è¦½ï¼šå°ç« é›•åˆ»æŠ€è—ã€‘ @ichplus_org | till 14/7 | é¥’å®—é ¤æ–‡åŒ–é¤¨
,Free,ä¸­å¤§è—è¡“ x çµäººæ›¸åº—ï¼šé–£æ¨“ç ”ç¿’å®¤ ATTIC LAB,exhibition,hunter.bookstore,https://www.instagram.com/p/C8ivldqvTmh/?img_index=1,till 16/7,17/6,16/7,,çµäººæ›¸åº—é–£æ¨“,,ã€ä¸­å¤§è—è¡“ x çµäººæ›¸åº—ï¼šé–£æ¨“ç ”ç¿’å®¤ ATTIC LABã€‘ @hunter.bookstore | till 16/7 | çµäººæ›¸åº—é–£æ¨“
,,å¤¬å…’ Crip: An Exhibition,exhibition,crip.art.residency.hk,https://www.instagram.com/p/C8b9MEmvEGU/?img_index=1,till 16/7,4/7,16/7,,é€¸æ±é…’åº—,,ã€å¤¬å…’ Crip: An Exhibitionã€‘ @crip.art.residency.hk | till 16/7 | é€¸æ±é…’åº—
,,ADA Unlocked,exhibition,daci.lingnan,https://www.instagram.com/p/C9MpyOfBuDW/,till 17/7,10/7,17/7,,"MB 2/F, Leung Fong Oi Wan Art Gallery",,"ã€ADA Unlockedã€‘ @daci.lingnan | till 17/7 | MB 2/F, Leung Fong Oi Wan Art Gallery"
,,èˆå°åŠè£½ä½œè—è¡“ç•¢æ¥­å±•ï¼šç§‘è—è£½ä½œç³»,exhibition,hkapadesign.gradex,,till 20/7,12/7,20/7,,é¦™æ¸¯æ¼”è—å­¸é™¢,,ã€èˆå°åŠè£½ä½œè—è¡“ç•¢æ¥­å±•ï¼šç§‘è—è£½ä½œç³»ã€‘ @hkapadesign.gradex | till 20/7 | é¦™æ¸¯æ¼”è—å­¸é™¢
,,ã€Œç·šã€- å¯ºç”°å…‹ä¹Ÿå€‹äººå±•è¦½,exhibition,quiet__galleryhk,https://www.instagram.com/p/C8yvAqSyTPs/?img_index=1,till 21/7,29/6,21/7,,Quiet Gallery HK,,ã€ã€Œç·šã€- å¯ºç”°å…‹ä¹Ÿå€‹äººå±•è¦½ã€‘ @quiet__galleryhk | till 21/7 | Quiet Gallery HK
,Free,åœ¨åŸå¸‚è£‚ç¸«ä¸­ å°‹æ‰¾ç†æƒ³åœ‹,exhibition,halfcupsquat,https://www.instagram.com/p/C9AG2k_N_m7/,till 21/7,20/7,21/7,,åŠæ¯å¯®,,ã€åœ¨åŸå¸‚è£‚ç¸«ä¸­ å°‹æ‰¾ç†æƒ³åœ‹ã€‘ @halfcupsquat | till 21/7 | åŠæ¯å¯®
,,CONTRAST X JASONTOMMY : â€œLost In Translation of Loveâ€,exhibition,jason_tommy,,till 22/7,23/4,22/7,9am-6:30pm,CONTRAST,,ã€CONTRAST X JASONTOMMY : â€œLost In Translation of Loveâ€ã€‘ @jason_tommy | till 22/7 | CONTRAST
,,ã€Šæˆç‚ºäº¤æ›ç”Ÿï¼šç¤¾å€ç”Ÿæ´»çš„è—è¡“æ—¥è¨˜ã€‹äº¤æ›ç”Ÿæ´»æˆæœå±•,exhibition,tin_library,,till 22/7,29/6,22/7,,The Bridge+ äººæ–‡è—è¡“ç©ºé–“,,ã€ã€Šæˆç‚ºäº¤æ›ç”Ÿï¼šç¤¾å€ç”Ÿæ´»çš„è—è¡“æ—¥è¨˜ã€‹äº¤æ›ç”Ÿæ´»æˆæœå±•ã€‘ @tin_library | till 22/7 | The Bridge+ äººæ–‡è—è¡“ç©ºé–“
,Free,è—è¡“æ–‡å­¸å£«ç•¢æ¥­å±•2024â€”â€”ã€Œç¬ã€,exhibition,hkas.bafa.gradshow,https://www.instagram.com/p/C8ZMCrNPoca/,till 22/7,6/7,22/7,,é¦™æ¸¯è—è¡“ä¸­å¿ƒåŒ…æ°ç•«å»Š,,ã€è—è¡“æ–‡å­¸å£«ç•¢æ¥­å±•2024â€”â€”ã€Œç¬ã€ã€‘ @hkas.bafa.gradshow | till 22/7 | é¦™æ¸¯è—è¡“ä¸­å¿ƒåŒ…æ°ç•«å»Š
,,ã€Šè—åŒ 18Â·é³¥å±±é­‚ã€‹è—è¡“è¯å±•,exhibition,ayip_gallery,https://www.instagram.com/p/C9H75Z3v6GY/,till 22/7,13/7,22/7,,Area Gallery,,ã€ã€Šè—åŒ 18Â·é³¥å±±é­‚ã€‹è—è¡“è¯å±•ã€‘ @ayip_gallery | till 22/7 | Area Gallery
,Free,CLAPTON TAM åŸç”»ä½œå“å±•,exhibition,claptontam,https://www.instagram.com/p/C8ghJKyPbuW/,till 23/7,24/6,23/7,,è¿·ä½ ä¸­ç’°,,ã€CLAPTON TAM åŸç”»ä½œå“å±•ã€‘ @claptontam | till 23/7 | è¿·ä½ ä¸­ç’°
,,ä¼‘ç­é»ƒæ˜ä¹Ÿæœƒæœ›æœ›é€ƒç”Ÿè·¯ç·š,exhibition,galleryexit,https://www.instagram.com/p/C8bK1BPPxqa/,till 27/7,29/6,27/7,,Gallery EXIT å®‰å…¨å£,,ã€ä¼‘ç­é»ƒæ˜ä¹Ÿæœƒæœ›æœ›é€ƒç”Ÿè·¯ç·šã€‘ @galleryexit | till 27/7 | Gallery EXIT å®‰å…¨å£
,,å¤±è¶³æ–¼è’¸ç™¼æ‰çš„ä¸€é–“æˆ¿é–“,exhibition,cheukyinggg.10,https://www.instagram.com/p/C8zfIYfByzm/?igsh=ODcyNHd6NTZvdXll,till 27/7,13/7,27/7,,é»ƒç«¹å‘,,ã€å¤±è¶³æ–¼è’¸ç™¼æ‰çš„ä¸€é–“æˆ¿é–“ã€‘ @cheukyinggg.10 | till 27/7 | é»ƒç«¹å‘
,,é¦™æ¸¯æµ¸æœƒå¤§å­¸è¦–è¦ºè—è¡“é™¢ç¢©å£«ç•¢æ¥­å±•äºŒé›¶äºŒå››â€”â€”Time Tracing | é•·æ—¥ç•™ç—•,exhibition,avamagradshow,https://www.instagram.com/p/C9JeE24vZSJ/,till 27/7,13/7,27/7,,é¦™æ¸¯ä¹é¾è§€å¡˜é“51è™Ÿé¦™æ¸¯æµ¸æœƒå¤§å­¸å•Ÿå¾·æ ¡åœ’,,ã€é¦™æ¸¯æµ¸æœƒå¤§å­¸è¦–è¦ºè—è¡“é™¢ç¢©å£«ç•¢æ¥­å±•äºŒé›¶äºŒå››â€”â€”Time Tracing | é•·æ—¥ç•™ç—•ã€‘ @avamagradshow | till 27/7 | é¦™æ¸¯ä¹é¾è§€å¡˜é“51è™Ÿé¦™æ¸¯æµ¸æœƒå¤§å­¸å•Ÿå¾·æ ¡åœ’
,,ã€ŒHactl X Free Periods Hong Kong - Be My Buddy Buddyã€ æœˆç¶“å¹³ç­‰å±•è¦½,exhibition,freeperiods.hk,https://www.instagram.com/p/C9UEnjLPOqk/,till 27/7,13/7,27/7,,å®¶è¨ˆæœƒè³½é¦¬æœƒé’Zoneæ´»å‹•åŠè³‡æºé¤¨,,ã€ã€ŒHactl X Free Periods Hong Kong - Be My Buddy Buddyã€ æœˆç¶“å¹³ç­‰å±•è¦½ã€‘ @freeperiods.hk | till 27/7 | å®¶è¨ˆæœƒè³½é¦¬æœƒé’Zoneæ´»å‹•åŠè³‡æºé¤¨
,Free,ææ˜­è¾°å€‹äººå±• ã€Œ é€™è£¡ ã€,exhibition,parallel_space_hk,https://www.instagram.com/p/C8g-K6mA0k3/,till 28/7,6/7,28/7,,Parallel Space,,ã€ææ˜­è¾°å€‹äººå±• ã€Œ é€™è£¡ ã€ã€‘ @parallel_space_hk | till 28/7 | Parallel Space
,,æ²’æœ‰æˆ‘çš„æˆ¿é–“,exhibition,lam.kiu.yan,https://www.instagram.com/p/C8onCDdv5f8/?img_index=1,till 28/7,6/7,28/7,,è‰ºéµ æ›¸åº—,,ã€æ²’æœ‰æˆ‘çš„æˆ¿é–“ã€‘ @lam.kiu.yan | till 28/7 | è‰ºéµ æ›¸åº—
,,DIMENSION 2*3 -ã€‚Wong Sze Chit x Ram2 Solo Exhibition,exhibition,1999_artspace,https://www.instagram.com/p/C83sIxuPwWe/?img_index=1,till 28/7,5/7,28/7,,Artspace 1999,,ã€DIMENSION 2*3 -ã€‚Wong Sze Chit x Ram2 Solo Exhibitionã€‘ @1999_artspace | till 28/7 | Artspace 1999
,,å†¬ç”©èˆ‡è²æœ,exhibition,wure area,https://www.instagram.com/p/C81iUbtP71A/?igsh=MWpwNzlld2Z6eHVraQ==,till 28/7,6/7,28/7,,ä¹é¾ç£,,ã€å†¬ç”©èˆ‡è²æœã€‘ @wure area | till 28/7 | ä¹é¾ç£
,,SCM ANNUAL 2024,exhibition,scmannual,https://www.instagram.com/p/C86w0HfhcDt/,till 28/7,12/7,28/7,,ä¹é¾å¡˜é”åº·è·¯åå…«è™Ÿé‚µé€¸å¤«å‰µæ„åª’é«”ä¸­å¿ƒ,,ã€SCM ANNUAL 2024ã€‘ @scmannual | till 28/7 | ä¹é¾å¡˜é”åº·è·¯åå…«è™Ÿé‚µé€¸å¤«å‰µæ„åª’é«”ä¸­å¿ƒ
,,Afterstudio: Beginning of an END of a beginning é€†è®€å»ºç¯‰,exhibition,pmqhkdesign,https://www.instagram.com/p/C9hH-F5MKo_/?img_index=1,till 28/7,5/7,28/7,,PMQ,,ã€Afterstudio: Beginning of an END of a beginning é€†è®€å»ºç¯‰ã€‘ @pmqhkdesign | till 28/7 | PMQ
,,é—œæ¨‚åŒ é¦–å€‹å€‹å±•â€”â€”GHOSTED å¤±éˆ,exhibition,tate.kw,https://www.instagram.com/p/C8mHNvPPCCe/,till 29/7,5/7,29/7,,POINTSMAN Artspace,,ã€é—œæ¨‚åŒ é¦–å€‹å€‹å±•â€”â€”GHOSTED å¤±éˆã€‘ @tate.kw | till 29/7 | POINTSMAN Artspace
,,äººå·¥é€†ç”Ÿå¿—Ungenerating AI,exhibition,ungenerating_ai,https://www.instagram.com/p/C8qi39apytq/,till 29/7,4/7,29/7,,Mooroom,,ã€äººå·¥é€†ç”Ÿå¿—Ungenerating AIã€‘ @ungenerating_ai | till 29/7 | Mooroom
,,å‚æœ¬å¥ä½œé™¶å±•,exhibition,noihongkong,https://www.instagram.com/p/C9CZgvmSsUd/?img_index=4,till 29/7,18/7,29/7,,40A Upper Lascar Row,,ã€å‚æœ¬å¥ä½œé™¶å±•ã€‘ @noihongkong | till 29/7 | 40A Upper Lascar Row
,,ã€Šç’°éŠè§’è½ã€‹å¤§æ’æª”èˆ‡æœ¬åœ°é£²é£Ÿæ–‡åŒ–,exhibition,ekcc.hk,,till 30/7,22/4,30/7,,,,ã€ã€Šç’°éŠè§’è½ã€‹å¤§æ’æª”èˆ‡æœ¬åœ°é£²é£Ÿæ–‡åŒ–ã€‘ @ekcc.hk | till 30/7 | 
,,è†è…´ä¹‹é–“,exhibition,hongwahstudio,https://www.instagram.com/p/C8juiNPvIkc/,till 30/7,6/7,30/7,,è‰ºéµ è—è¡“ç©ºé–“,,ã€è†è…´ä¹‹é–“ã€‘ @hongwahstudio | till 30/7 | è‰ºéµ è—è¡“ç©ºé–“
,,å…±èšæ–°æ¨“è¡—ã€‚ç™¼ç¾æ²™é ­è§’,exhibition,luenwomarket.hk,https://www.instagram.com/p/C9ttFuBqLRG/,till 30/7,20/7,30/7,,è¯å’Œè¶å¢Ÿ,,ã€å…±èšæ–°æ¨“è¡—ã€‚ç™¼ç¾æ²™é ­è§’ã€‘ @luenwomarket.hk | till 30/7 | è¯å’Œè¶å¢Ÿ
,,é¦™æ¸¯æµè¡Œæ–‡åŒ–ç¯€2024â€”é¦™æ¸¯éŸ³æ¨‚å®¶ç¾¤åƒç³»åˆ—: é¡§å˜‰ç…‡èˆ‡é»ƒéœ‘éŸ³æ¨‚æ–‡ç»é¸ç²¹,exhibition,readingisjoyful,,till 31/7,,31/7,,é¦™æ¸¯ä¸­å¤®åœ–æ›¸é¤¨,,ã€é¦™æ¸¯æµè¡Œæ–‡åŒ–ç¯€2024â€”é¦™æ¸¯éŸ³æ¨‚å®¶ç¾¤åƒç³»åˆ—: é¡§å˜‰ç…‡èˆ‡é»ƒéœ‘éŸ³æ¨‚æ–‡ç»é¸ç²¹ã€‘ @readingisjoyful | till 31/7 | é¦™æ¸¯ä¸­å¤®åœ–æ›¸é¤¨
,,VITAL,exhibition,sinsinfineart,,till 31/7,6/6,31/7,,Sin Sin Fine Art,,ã€VITALã€‘ @sinsinfineart | till 31/7 | Sin Sin Fine Art
,,ã€Œç”ŸèŠ±â€¢èŠ±ç”Ÿã€â€”â€”è—è¡“æ–‡å­¸ç¢©å£«ç•¢æ¥­å±•ï¼ˆä¸­åœ‹è—è¡“å‰µä½œï¼‰,exhibition,artmuseumcuhk,https://www.instagram.com/p/C86hyXkB24Z/,till 31/7,7/7,31/7,,ä¸­å¤§æ–‡ç‰©é¤¨å±•å»³,,ã€ã€Œç”ŸèŠ±â€¢èŠ±ç”Ÿã€â€”â€”è—è¡“æ–‡å­¸ç¢©å£«ç•¢æ¥­å±•ï¼ˆä¸­åœ‹è—è¡“å‰µä½œï¼‰ã€‘ @artmuseumcuhk | till 31/7 | ä¸­å¤§æ–‡ç‰©é¤¨å±•å»³
,,ç¤¾å€åšç‰©é¤¨ç³»åˆ— - å­¸å­¸ç¿’è§’,exhibition,retaikoktsui,,till 31/7,,31/7,,å¤§è§’å’€å¡˜å°¾é“25è™Ÿ(Spark City ä¿Šè–ˆæ—ºè§’) åœ°é¢Aé‹ªä½,,ã€ç¤¾å€åšç‰©é¤¨ç³»åˆ— - å­¸å­¸ç¿’è§’ã€‘ @retaikoktsui | till 31/7 | å¤§è§’å’€å¡˜å°¾é“25è™Ÿ(Spark City ä¿Šè–ˆæ—ºè§’) åœ°é¢Aé‹ªä½
,,â€˜Sky beyond words.â€™: A solo exhibition by Ryo Matsuoka,exhibition,wkmgallery,,till 3/8,21/6,3/8,,WKM Gallery,,ã€â€˜Sky beyond words.â€™: A solo exhibition by Ryo Matsuokaã€‘ @wkmgallery | till 3/8 | WKM Gallery
,,ã€Œé¦™æ¸¯ãƒ»ç´„æœƒåœ°åœ–ã€æ…§æƒ å€‹å±•,exhibition,waiwai.sketches,,till 3/8,6/7,3/8,,é›å»·åºç•«å»Š,,ã€ã€Œé¦™æ¸¯ãƒ»ç´„æœƒåœ°åœ–ã€æ…§æƒ å€‹å±•ã€‘ @waiwai.sketches | till 3/8 | é›å»·åºç•«å»Š
,,è¡Œèµ°çš„å§¿æ…‹ - æ’ç•«å±•,exhibition,kelvin.s.art,https://www.instagram.com/p/C8eQpExPX3F/,till 3/8,30/6,3/8,,Fan Art Studio,,ã€è¡Œèµ°çš„å§¿æ…‹ - æ’ç•«å±•ã€‘ @kelvin.s.art | till 3/8 | Fan Art Studio
,,è¿· Â· æœ›ï½ç²‰å½©ç•«å±•è¦§,exhibition,blank_space_hk,https://www.instagram.com/p/C9yrqZ_PieV/?img_index=1,till 3/8,27/7,3/8,,BLANK_SPACE,,ã€è¿· Â· æœ›ï½ç²‰å½©ç•«å±•è¦§ã€‘ @blank_space_hk | till 3/8 | BLANK_SPACE
,,ã€ŒåŒ—æ­è‡ªç„¶ç”Ÿæ´»ææ¡ˆL ife in Nordicã€by èƒ¡é¬š,exhibition,barlemna,https://www.instagram.com/p/C7_aZNUBQ9f/,till 4/8,29/6,4/8,,Glasshouse Culture Area at Lemna of the alchemist,,ã€ã€ŒåŒ—æ­è‡ªç„¶ç”Ÿæ´»ææ¡ˆL ife in Nordicã€by èƒ¡é¬šã€‘ @barlemna | till 4/8 | Glasshouse Culture Area at Lemna of the alchemist
,,é¦¬ç©æ±¶ã€Œæ³¡æ²«ä¹‹åŸã€,exhibition,wyndham_social,https://www.instagram.com/p/C8ZR95TvZer/,till 4/8,28/6,4/8,,ä¸­ç’°é›²å’¸è¡— 33 è™Ÿåœ°ä¸‹,,ã€é¦¬ç©æ±¶ã€Œæ³¡æ²«ä¹‹åŸã€ã€‘ @wyndham_social | till 4/8 | ä¸­ç’°é›²å’¸è¡— 33 è™Ÿåœ°ä¸‹
,,çª¸ â€‹ çª¸ â€‹ çª£ â€‹ çª£ ğš› ğš ğšŠ ğš ğš’ ğš— ğš â€‹ â€‹ â€‹ ğš ğš˜ ğš ğš ğš ğš‘ ğš ğš› ,exhibition,yuk.kee,https://www.instagram.com/p/C89Vh7BPv9m/?img_index=1,till 4/8,6/7,4/8,,"yuk kee | shop44, sheung fung street market, wong tai sin",,"ã€çª¸ â€‹ çª¸ â€‹ çª£ â€‹ çª£ ğš› ğš ğšŠ ğš ğš’ ğš— ğš â€‹ â€‹ â€‹ ğš ğš˜ ğš ğš ğš ğš‘ ğš ğš› ã€‘ @yuk.kee | till 4/8 | yuk kee | shop44, sheung fung street market, wong tai sin"
,,çœ‹æˆ‘å¯«çœŸ - æœ±ç¶­å¾·ä½œå“å›é¡§å±•,exhibition,historicalwalkhk,https://www.instagram.com/p/C9CXDPUtrok/,till 4/8,26/7,4/8,,é›ªç†Šæ•…äº‹é¤¨,,ã€çœ‹æˆ‘å¯«çœŸ - æœ±ç¶­å¾·ä½œå“å›é¡§å±•ã€‘ @historicalwalkhk | till 4/8 | é›ªç†Šæ•…äº‹é¤¨
,,éº¥é¦™å‚³æ‰¿ï¼ä¹å» é«”é©—é¤¨,exhibition,kowloonflourmills,https://www.instagram.com/p/C9oL_CuMXvY/?img_index=1,till 4/8,20/7,4/8,,Colour Brown x GO.ON Space,,ã€éº¥é¦™å‚³æ‰¿ï¼ä¹å» é«”é©—é¤¨ã€‘ @kowloonflourmills | till 4/8 | Colour Brown x GO.ON Space
,,é›»é™¶å®‡å®™,exhibition,st_james_creation,https://www.instagram.com/p/C9eGpz-PaLh/?img_index=4,till 4/8,20/7,4/8,,Tomorrow Maybe @ é¦™æ¸¯é€¸æ±é…’åº—4æ¨“,,ã€é›»é™¶å®‡å®™ã€‘ @st_james_creation | till 4/8 | Tomorrow Maybe @ é¦™æ¸¯é€¸æ±é…’åº—4æ¨“
,,èªè­˜é¦™æ¸¯å¦ä¸€é¢ï¼šã€Œè²§ï¼è³¦äººç”Ÿã€è—è¡“å±•,exhibition,618.shanghaistreet,https://www.instagram.com/p/C-Ch9JJSTHx/?img_index=1,till 5/8,30/7,5/8,,618 ä¸Šæµ·è¡— åœ°ä¸‹æ´»å‹•ç©ºé–“,,ã€èªè­˜é¦™æ¸¯å¦ä¸€é¢ï¼šã€Œè²§ï¼è³¦äººç”Ÿã€è—è¡“å±•ã€‘ @618.shanghaistreet | till 5/8 | 618 ä¸Šæµ·è¡— åœ°ä¸‹æ´»å‹•ç©ºé–“
,,ã€Šè—è¡“ç”Ÿå‘½è»Œè·¡ã€‹ ç”Ÿå‘½æ—…ç¨‹ä½œå“å±•,exhibition,hkexat,https://www.instagram.com/p/C91NRVcvPlw/,till 5/8,1/8,5/8,,æµ·å¯Œå•†å ´,,ã€ã€Šè—è¡“ç”Ÿå‘½è»Œè·¡ã€‹ ç”Ÿå‘½æ—…ç¨‹ä½œå“å±•ã€‘ @hkexat | till 5/8 | æµ·å¯Œå•†å ´
,,å¡å¤«å¡ï¼šæˆ‘æ˜¯ä¸€éš»å°‹æ‰¾é³¥çš„ç± ,exhibition,goetheinstitut_hk,https://www.instagram.com/p/C8bgxjzMZwO/?img_index=1,till 6/8,2/7,6/8,,Goethe Gallery,,ã€å¡å¤«å¡ï¼šæˆ‘æ˜¯ä¸€éš»å°‹æ‰¾é³¥çš„ç± ã€‘ @goetheinstitut_hk | till 6/8 | Goethe Gallery
,,ç†Ÿæ‚‰çš„é™Œç”Ÿ,exhibition,familiar.strangeness,https://www.instagram.com/p/C8yRfjSpg2T/,till 8/8,5/7,8/8,,é¦™æ¸¯è—è¡“ä¸­å¿ƒ,,ã€ç†Ÿæ‚‰çš„é™Œç”Ÿã€‘ @familiar.strangeness | till 8/8 | é¦™æ¸¯è—è¡“ä¸­å¿ƒ
,,ã€Œæ°´å¢¨ Â· ç•™æƒ…ã€è—è¡“å±•è¦½,exhibition,creativeaginghk,https://www.instagram.com/p/C9xCAOAqGcE/?img_index=1,till 9/8,2/8,9/8,10am-6pm,é‡‘é½¡è–ˆ,,ã€ã€Œæ°´å¢¨ Â· ç•™æƒ…ã€è—è¡“å±•è¦½ã€‘ @creativeaginghk | till 9/8 | é‡‘é½¡è–ˆ
,,å—æ–¹å€‹å±•ã€Œæœ‰è¶£çš„éˆé­‚ã€,exhibition,musegarden.artspace,https://www.instagram.com/p/C86yjlQyAsd/,till 10/8,13/7,10/8,,Muse Garden,,ã€å—æ–¹å€‹å±•ã€Œæœ‰è¶£çš„éˆé­‚ã€ã€‘ @musegarden.artspace | till 10/8 | Muse Garden
,,æ²¹è¡—ç„¦é» â€” è¥„è¦‹,exhibition,oilstreetartspace,,till 11/8,,11/8,,æ²¹è¡—ç»ç’ƒå±‹,,ã€æ²¹è¡—ç„¦é» â€” è¥„è¦‹ã€‘ @oilstreetartspace | till 11/8 | æ²¹è¡—ç»ç’ƒå±‹
,,ç´™ç¹«å—äºâ€”â€”æ”å½±æ›¸å±•,exhibition,lumenvisum,https://www.instagram.com/p/C8_rWQaPPi2/?img_index=1,till 11/8,12/7,11/8,,å…‰å½±ä½œåŠ,,ã€ç´™ç¹«å—äºâ€”â€”æ”å½±æ›¸å±•ã€‘ @lumenvisum | till 11/8 | å…‰å½±ä½œåŠ
,,ä¸»é¡Œå±•è¦½ã€Šå‡å¦‚ä½ é‚„åœ¨-è¨˜éŒ„å…«å€‹é›¢åˆ¥çš„æ•…äº‹ã€‹,exhibition,breathingroom.hk,https://www.instagram.com/p/C8BMEy0v4XV/,till 11/8,22/6,11/8,,å‘¼ï¼å¸ç©ºé–“ Breathing Room,,ã€ä¸»é¡Œå±•è¦½ã€Šå‡å¦‚ä½ é‚„åœ¨-è¨˜éŒ„å…«å€‹é›¢åˆ¥çš„æ•…äº‹ã€‹ã€‘ @breathingroom.hk | till 11/8 | å‘¼ï¼å¸ç©ºé–“ Breathing Room
,,ã€Šè—è¡“ç”Ÿå‘½è»Œè·¡ã€‹ ç”Ÿå‘½æ—…ç¨‹ä½œå“å±•,exhibition,hkexat,https://www.instagram.com/p/C91NRVcvPlw/,till 11/8,6/8,11/8,,æ¨‚å¯Œå»£å ´,,ã€ã€Šè—è¡“ç”Ÿå‘½è»Œè·¡ã€‹ ç”Ÿå‘½æ—…ç¨‹ä½œå“å±•ã€‘ @hkexat | till 11/8 | æ¨‚å¯Œå»£å ´
,,ç¢ç¢å¿µç¢ç¢ç•«â€”â€”é˜¿é«˜çš„è‰åœ–äººç”Ÿ,exhibition,eaton.hk,,till 12/8,12/7,12/8,,Eaton HK,,ã€ç¢ç¢å¿µç¢ç¢ç•«â€”â€”é˜¿é«˜çš„è‰åœ–äººç”Ÿã€‘ @eaton.hk | till 12/8 | Eaton HK
,,é¦™æ¸¯çè²´æ›¸ç±åŠç´™å“å±• - è€ç…§ç‰‡åŠåä¿¡ç‰‡,exhibition,taiyipartbooks,https://www.instagram.com/p/C9RtIKMvsYl/,till 12/8,9/8,12/8,,WYNDHAM SOCIAL,,ã€é¦™æ¸¯çè²´æ›¸ç±åŠç´™å“å±• - è€ç…§ç‰‡åŠåä¿¡ç‰‡ã€‘ @taiyipartbooks | till 12/8 | WYNDHAM SOCIAL
,,â€œHong Kong Baby Girlâ€ | Kitty N Wong,exhibition,youngsoygallery,https://www.instagram.com/p/C9l2VCjPx6t/,till 13/8,31/7,13/8,,Young Soy Gallery,,ã€â€œHong Kong Baby Girlâ€ | Kitty N Wongã€‘ @youngsoygallery | till 13/8 | Young Soy Gallery
,Free,ã€Œæ¥æ£’æœªä¾†ã€å±•è¦½â€”â€”ç¬¬äºŒéƒ¨åˆ†: ã€Œè¶…é »ã€,exhibition,designspectrum.hk,https://www.instagram.com/p/C6q5rdfBkjY/,till 14/8,5/7,14/8,10am-7pm,è”æè§’é•·ç¾©è¡—9è™ŸD2 Placeä¸€æœŸ7æ¨“Aå®¤,,ã€ã€Œæ¥æ£’æœªä¾†ã€å±•è¦½â€”â€”ç¬¬äºŒéƒ¨åˆ†: ã€Œè¶…é »ã€ã€‘ @designspectrum.hk | till 14/8 | è”æè§’é•·ç¾©è¡—9è™ŸD2 Placeä¸€æœŸ7æ¨“Aå®¤
,,è‰²å–šColor Calls Color,exhibition,1artgallery_sh,https://www.instagram.com/p/C97n70hyIZP/?img_index=1,till 14/8,3/8,14/8,,åœŸç“œç£é¦¬é ­è§’é“63è™Ÿç‰›æ£šè—è¡“æ‘11å®¤,,ã€è‰²å–šColor Calls Colorã€‘ @1artgallery_sh | till 14/8 | åœŸç“œç£é¦¬é ­è§’é“63è™Ÿç‰›æ£šè—è¡“æ‘11å®¤
,,"â€œGreen Fingersâ€, a solo exhibition by Brad Donovan",exhibition,noideagallery,https://www.instagram.com/p/C8qRxyYypkK/,till 15/8,6/7,15/8,,No Idea Gallery,,"ã€â€œGreen Fingersâ€, a solo exhibition by Brad Donovanã€‘ @noideagallery | till 15/8 | No Idea Gallery"
,,"â€Close to Heaven, Close to Hell,â€œ Eli de Haasâ€˜s (@elidehaas) first solo exhibition",exhibition,mouprojects,https://www.instagram.com/p/C9E8Bp7xLi9/,till 17/8,13/7,17/8,,Mou Projects,,"ã€â€Close to Heaven, Close to Hell,â€œ Eli de Haasâ€˜s (@elidehaas) first solo exhibitionã€‘ @mouprojects | till 17/8 | Mou Projects"
,,Bruce Naumanå¤§å‹å›é¡§å±•,exhibition,theculturist.hk,,till 18/8,15/5,18/8,,å¤§é¤¨ç•¶ä»£è—è¡“é¤¨,,ã€Bruce Naumanå¤§å‹å›é¡§å±•ã€‘ @theculturist.hk | till 18/8 | å¤§é¤¨ç•¶ä»£è—è¡“é¤¨
,,ã€è³½é¦¬æœƒã€Œä»¥è—åŒè¡Œã€ç…§é¡§è€…ç¤¾å€è—è¡“è¨ˆåŠƒã€‘å±•è¦½,exhibition,hkopenprintshop,https://www.instagram.com/p/C9WqDMbPtfD/?img_index=1,till 18/8,3/8,18/8,,å…ƒå‰µæ–¹Aåº§åœ°ä¸‹SG03-07,,ã€ã€è³½é¦¬æœƒã€Œä»¥è—åŒè¡Œã€ç…§é¡§è€…ç¤¾å€è—è¡“è¨ˆåŠƒã€‘å±•è¦½ã€‘ @hkopenprintshop | till 18/8 | å…ƒå‰µæ–¹Aåº§åœ°ä¸‹SG03-07
,,èŠ±é–‹æœ‰æ™‚ èŠ±è½æœ‰æœŸ,exhibition,themillshk,https://www.instagram.com/p/C9150GQyK06/?img_index=1,till 18/8,26/7,18/8,,å—è±ç´—å» åœ°ä¸‹,,ã€èŠ±é–‹æœ‰æ™‚ èŠ±è½æœ‰æœŸã€‘ @themillshk | till 18/8 | å—è±ç´—å» åœ°ä¸‹
,,å¢å¢ƒ,exhibition,labourfriendlycommunity,https://www.instagram.com/p/C92jnEgvcU1/?img_index=1,till 20/8,8/8,20/8,,Thy Labæ˜Šå ‚,,ã€å¢å¢ƒã€‘ @labourfriendlycommunity | till 20/8 | Thy Labæ˜Šå ‚
,,ã€Œç”Ÿæ…‹æ‚ è¹¤ã€å…¨åœ‹ç”Ÿæ…‹æ—¥å°ˆé¡Œå±•è¦½,exhibition,countrysideconservationhk,https://www.instagram.com/p/C-HPUyLMl-G/,till 21/8,16/8,21/8,,å¥§æµ·åŸäºŒæœŸåœ°ä¸‹ä¸»é¡Œä¸­åº­,,ã€ã€Œç”Ÿæ…‹æ‚ è¹¤ã€å…¨åœ‹ç”Ÿæ…‹æ—¥å°ˆé¡Œå±•è¦½ã€‘ @countrysideconservationhk | till 21/8 | å¥§æµ·åŸäºŒæœŸåœ°ä¸‹ä¸»é¡Œä¸­åº­
,,Creating Suburb,exhibition,creating_suburb,https://www.instagram.com/p/C-KkMkSvmdo/?img_index=1,till 22/8,16/8,22/8,,ç‰›æ£šè—è¡“æ‘ å…¬å…±ç©ºé–“,,ã€Creating Suburbã€‘ @creating_suburb | till 22/8 | ç‰›æ£šè—è¡“æ‘ å…¬å…±ç©ºé–“
,,Touch Grass é™³å¥è²å€‹å±•,exhibition,1a space,https://www.instagram.com/p/C88D_48S0Uw/?img_index=1,till 24/8,25/7,24/8,,ç‰›æ£š,,ã€Touch Grass é™³å¥è²å€‹å±•ã€‘ @1a space | till 24/8 | ç‰›æ£š
,,æ—…è¡Œæ”å½±å±•ï½œé£„é›¶ Roaming Soul,exhibition,kim.lwy,https://www.instagram.com/p/C8rRL90SrTs/?img_index=1,till 25/8,30/6,25/8,,é•·æ²™ç£å¤ªé™½ç³»åŒå­¸æœƒSOL Mate Club,,ã€æ—…è¡Œæ”å½±å±•ï½œé£„é›¶ Roaming Soulã€‘ @kim.lwy | till 25/8 | é•·æ²™ç£å¤ªé™½ç³»åŒå­¸æœƒSOL Mate Club
,,å­—è½ã½ç—•,exhibition,streetsignhk,https://www.instagram.com/p/C-DTwWMPn7k/,till 25/8,2/8,25/8,,artellex,,ã€å­—è½ã½ç—•ã€‘ @streetsignhk | till 25/8 | artellex
,,å±•è¦½ Exhibition â€œDecode 1.0â€,exhibition,jc_future_lab,https://www.instagram.com/p/C9ywtypJw5B/,till 25/8,11/8,25/8,,è³½é¦¬æœƒè—è¡“ç§‘æŠ€æœªä¾†å¯¦é©—å®¤,,ã€å±•è¦½ Exhibition â€œDecode 1.0â€ã€‘ @jc_future_lab | till 25/8 | è³½é¦¬æœƒè—è¡“ç§‘æŠ€æœªä¾†å¯¦é©—å®¤
,,Sizzles -ã€‚Tabu TSANG x Pearlyn SIM Duo Solo Exhibition,exhibition,1999_artspace,https://www.instagram.com/p/C-Cad2QPBl7/?img_index=1,till 25/8,2/8,25/8,,Artspace 1999,,ã€Sizzles -ã€‚Tabu TSANG x Pearlyn SIM Duo Solo Exhibitionã€‘ @1999_artspace | till 25/8 | Artspace 1999
,,å¤©åœ°äººII ä¹‹ å…±ç”Ÿ - å¹¸å‡Œåå¹´ä½œå“,exhibition,tana_workshop,https://www.instagram.com/p/C9pWwFqPTfT/?img_index=1,till 28/8,8/8,28/8,1-7pm,è‰ºéµ è—è¡“ç©ºé–“,,ã€å¤©åœ°äººII ä¹‹ å…±ç”Ÿ - å¹¸å‡Œåå¹´ä½œå“ã€‘ @tana_workshop | till 28/8 | è‰ºéµ è—è¡“ç©ºé–“
,,æ›²è©å°è¨˜ï¼šé¡§å˜‰ç…‡ x é»ƒéœ‘ x ç²µèªæµè¡Œæ›²,exhibition,taikwun.hk,https://www.instagram.com/p/C9hQnwtJnIG/,till 28/8,11/7,28/8,,å¤§é¤¨01åº§è¤‡å¼å±•å®¤,,ã€æ›²è©å°è¨˜ï¼šé¡§å˜‰ç…‡ x é»ƒéœ‘ x ç²µèªæµè¡Œæ›²ã€‘ @taikwun.hk | till 28/8 | å¤§é¤¨01åº§è¤‡å¼å±•å®¤
,,å®Œç¾ä¸­çš„å®Œç¾ï½œç„¡ç•Œè—è¡“è¯åˆå±•è¦½,exhibition,ada_hongkong,https://www.instagram.com/p/C91pZvehs7t/,till 29/8,31/7,29/8,,è§€å¡˜æµ·æ¿±é“90è™Ÿ ç™¼ç¾è™Ÿ02è—å»Š V GALLERY,,ã€å®Œç¾ä¸­çš„å®Œç¾ï½œç„¡ç•Œè—è¡“è¯åˆå±•è¦½ã€‘ @ada_hongkong | till 29/8 | è§€å¡˜æµ·æ¿±é“90è™Ÿ ç™¼ç¾è™Ÿ02è—å»Š V GALLERY
,,ã€Šå¥½å¥½èŠå‚·Â· å¥½å¥½ç”Ÿæ´»ã€‹ â€” é¦™æ¸¯æƒ…ç·’æ’ç•«é–£,exhibition,turtle.and.me,https://www.instagram.com/p/C9cABfxSNm5/,till 30/8,22/7,30/8,,knockknockè¦ºé–£,,ã€ã€Šå¥½å¥½èŠå‚·Â· å¥½å¥½ç”Ÿæ´»ã€‹ â€” é¦™æ¸¯æƒ…ç·’æ’ç•«é–£ã€‘ @turtle.and.me | till 30/8 | knockknockè¦ºé–£
,,ä¿ éª¨æ–‡å¿ƒâ€”æŸ¥è‰¯éåšå£«è—å“å±•,exhibition,hk_pop_culture_festival,,till 31/8,1/5,31/8,,é¦™æ¸¯ä¸­å¤®åœ–æ›¸é¤¨,,ã€ä¿ éª¨æ–‡å¿ƒâ€”æŸ¥è‰¯éåšå£«è—å“å±•ã€‘ @hk_pop_culture_festival | till 31/8 | é¦™æ¸¯ä¸­å¤®åœ–æ›¸é¤¨
,,è—è¡“è°·åŸ”ï¼šå¤å­£é å±•,exhibition,kukpo.vision,https://www.instagram.com/p/C9ebuKOJPhG/,till 31/8,29/6,31/8,,æ²™é ­è§’è°·åŸ”å•Ÿæ‰å­¸æ ¡,,ã€è—è¡“è°·åŸ”ï¼šå¤å­£é å±•ã€‘ @kukpo.vision | till 31/8 | æ²™é ­è§’è°·åŸ”å•Ÿæ‰å­¸æ ¡
,,ã€Œä¸é¢¨ä¸å¹³ä¸æµªéœã€â€˜Waves After Windâ€™,exhibition,waves.after.wind,https://www.instagram.com/p/C9jMKOkP1kY/,till 31/8,20/7,31/8,,é„°é‡Œ Neighbourhood Coffee,,ã€ã€Œä¸é¢¨ä¸å¹³ä¸æµªéœã€â€˜Waves After Windâ€™ã€‘ @waves.after.wind | till 31/8 | é„°é‡Œ Neighbourhood Coffee
,,çŸ¥é“ä½ ä¸å¿«æ¨‚ï¼Œä½†æˆ‘æƒ³å‘Šè¨´ä½  - äººäººè‡ªæ•‘ä¼åŠƒ,exhibition,sinceconceptstore,https://www.instagram.com/p/C7q_mpQvhZH/?img_index=1,till 31/8,1/6,31/8,,SINCE Concept Store,,ã€çŸ¥é“ä½ ä¸å¿«æ¨‚ï¼Œä½†æˆ‘æƒ³å‘Šè¨´ä½  - äººäººè‡ªæ•‘ä¼åŠƒã€‘ @sinceconceptstore | till 31/8 | SINCE Concept Store
,,é–‹å¿ƒæ—¥æ—¥ç•«é€Ÿå¯«å±•,exhibition,urbanroom.social,https://www.instagram.com/p/C99okPxvee5/,till 31/8,28/7,31/8,,é¦™æ¸¯é°‚é­šæ¶Œè‹±çš‡é“1046è™Ÿç›Šæ˜Œå¤§å»ˆï¼ˆæ±å…§åº­ï¼‰åœ°é¢20è™Ÿèˆ–,,ã€é–‹å¿ƒæ—¥æ—¥ç•«é€Ÿå¯«å±•ã€‘ @urbanroom.social | till 31/8 | é¦™æ¸¯é°‚é­šæ¶Œè‹±çš‡é“1046è™Ÿç›Šæ˜Œå¤§å»ˆï¼ˆæ±å…§åº­ï¼‰åœ°é¢20è™Ÿèˆ–
,,çµ²ç¹”ç¹è¯ï¼šå¾ä¸­åœ‹åˆ°æ­æ´²ä¹‹è·¯,exhibition,wandererhongkong,,till 1/9,11/4,1/9,10am-7pm,èˆ¬å“¥å±•è¦½é¤¨,,ã€çµ²ç¹”ç¹è¯ï¼šå¾ä¸­åœ‹åˆ°æ­æ´²ä¹‹è·¯ã€‘ @wandererhongkong | till 1/9 | èˆ¬å“¥å±•è¦½é¤¨
,,ã€Šå“å”·ï¼Œçœ‹èµ·ä¾†é‚„ä¸éŒ¯â€”â€”åœ¨æ®˜ç ´æ—¥å­ä¸­é¸æ“‡æ‹¼è²¼ã€‹æ‹¼è²¼å±•è¦½,exhibition,gloryteller,https://www.instagram.com/p/C-IaqWGv3ss/,till 1/9,17/8,1/9,,å‘¼ï¼å¸ç©ºé–“ Breathing Room,,ã€ã€Šå“å”·ï¼Œçœ‹èµ·ä¾†é‚„ä¸éŒ¯â€”â€”åœ¨æ®˜ç ´æ—¥å­ä¸­é¸æ“‡æ‹¼è²¼ã€‹æ‹¼è²¼å±•è¦½ã€‘ @gloryteller | till 1/9 | å‘¼ï¼å¸ç©ºé–“ Breathing Room
,,ã€Šå‹¿æ“¾æ¨¡å¼â€”è¶…ç¾å¯¦å®‰ç©©åŠ›é‡ON!ã€‹é¦™æŸæ¨¹å·¥ä½œå®¤é¦–å ´å¸«ç”Ÿè¯å±•,exhibition,cedartreestudio,https://www.instagram.com/p/C9jZEgKyyt5/?img_index=1,till 1/9,4/8,1/9,,ba dâ€™arts è—è¶´,,ã€ã€Šå‹¿æ“¾æ¨¡å¼â€”è¶…ç¾å¯¦å®‰ç©©åŠ›é‡ON!ã€‹é¦™æŸæ¨¹å·¥ä½œå®¤é¦–å ´å¸«ç”Ÿè¯å±•ã€‘ @cedartreestudio | till 1/9 | ba dâ€™arts è—è¶´
,,å¤§å¶¼æ¿•åœ°è—è¡“å±•è¦½,exhibition,owlhk,https://www.instagram.com/p/C-40Jzpt-oh/,till 2/9,27/8,2/9,,å°‡è»æ¾³å»£å ´1æ¨“ä¸­åº­,,ã€å¤§å¶¼æ¿•åœ°è—è¡“å±•è¦½ã€‘ @owlhk | till 2/9 | å°‡è»æ¾³å»£å ´1æ¨“ä¸­åº­
,,Inside the White Cube: Lee Jin Woo,exhibition,theminimalistduo,https://www.instagram.com/p/C-IToCKvG3g/,till 7/9,1/6,7/9,,é¦™æ¸¯ä¸­ç’°å¹²è«¾é“50è™Ÿ,,ã€Inside the White Cube: Lee Jin Wooã€‘ @theminimalistduo | till 7/9 | é¦™æ¸¯ä¸­ç’°å¹²è«¾é“50è™Ÿ
Y,,ART021 HONG KONG Contemporary Art Fair,exhibition,art021_official,https://www.instagram.com/p/C8edWlNSkm5/?img_index=1,till 8/9,28/8,8/9,,è¥¿ä¹é¾æ–‡åŒ–å€ç®¡ç†å±€å¤§æ¨“ å¯Œè—æ–¯äºæ´²ç¸½éƒ¨,,ã€ART021 HONG KONG Contemporary Art Fairã€‘ @art021_official | till 8/9 | è¥¿ä¹é¾æ–‡åŒ–å€ç®¡ç†å±€å¤§æ¨“ å¯Œè—æ–¯äºæ´²ç¸½éƒ¨
Y,,ã€Œç™¾ ç™½ã€å±•,exhibition,gallerytete_hk,https://www.instagram.com/p/C-sRJ7jyiJB/,till 8/9,24/8,8/9,,Gallery tete,,ã€ã€Œç™¾ ç™½ã€å±•ã€‘ @gallerytete_hk | till 8/9 | Gallery tete
Y,,HK Street Photography Exhibition 2024â€”â€”åå››éµæ¼¢,exhibition,mathew_snap,https://www.instagram.com/p/C5z7ecsyGhL/,till 8/9,6/9,8/9,,JCCAC L1 Gallery,Snapinsta.app_438609492_1443864983188401_7587343833078658535_n_1080,ã€HK Street Photography Exhibition 2024â€”â€”åå››éµæ¼¢ã€‘ @mathew_snap | till 8/9 | JCCAC L1 Gallery
Y,,æ­·æ­·åœ¨ç›®çš„è¾¯è­‰ï¼šä¸€æŸé»˜ç„¶æ•£æ­¥æ™‚æ”¶é›†çš„é‡è‰,exhibition,asiaartarchive,https://www.instagram.com/p/C_PvmShxzR4/?img_index=2,till 14/9,3/9,14/9,,æ–‡ç»åº«åœ–æ›¸é¤¨,Snapinsta.app_457509929_18452273341008309_1937964113990802883_n_1080,
Y,,è‡ªåœ¨å…¬åœ’Park Solo | å²‘æ„·æ€¡ Debe SHAM,exhibition,hongkongvisualartscentre,,till 16/9,13/3,16/9,,é¦™æ¸¯è¦–è¦ºè—è¡“ä¸­å¿ƒ,,ã€è‡ªåœ¨å…¬åœ’Park Solo | å²‘æ„·æ€¡ Debe SHAMã€‘ @hongkongvisualartscentre | till 16/9 | é¦™æ¸¯è¦–è¦ºè—è¡“ä¸­å¿ƒ
Y,,ã€Œè·å ´æ–°é®®äºº Mental Health Right On!ã€å±•è¦½,exhibition,storytalerhk,https://www.instagram.com/p/C_atbl-sLk4/,15/9-21/9,15/9,21/9,,è§€å¡˜æµ·æ¿±é“90è™Ÿï¼ŒVESSEL ç™¼ç¾è™Ÿï¼ŒDREAM å¤šç”¨é€”å®¤,Snapinsta.app_458153331_827324792847103_4749251901047025560_n_1080,ã€ã€Œè·å ´æ–°é®®äºº Mental Health Right On!ã€å±•è¦½ã€‘ @storytalerhk | 15/9-21/9 | è§€å¡˜æµ·æ¿±é“90è™Ÿï¼ŒVESSEL ç™¼ç¾è™Ÿï¼ŒDREAM å¤šç”¨é€”å®¤
Y,,The Seventh Dayâ€¨ã€Œç¬¬ä¸ƒæ—¥ã€æ’ç•«å±• ,exhibition,blank_space_hk,https://www.instagram.com/p/C_F1Z8YPKZJ/?img_index=1,till 25/9,1/9,25/9,,BLANK_SPACE,Snapinsta.app_457059395_17967675215784993_4925416765315624492_n_1080,ã€The Seventh Dayâ€¨ã€Œç¬¬ä¸ƒæ—¥ã€æ’ç•«å±• ã€‘ @blank_space_hk | till 25/9 | BLANK_SPACE
Y,,Misuzu Tokita | â€˜INFINITYâ€™,exhibition,noideagallery,https://www.instagram.com/p/C-xhaBhyrBq/,till 28/9,20/8,28/9,,NO IDEA GALLERY,,ã€Misuzu Tokita | â€˜INFINITYâ€™ã€‘ @noideagallery | till 28/9 | NO IDEA GALLERY
Y,,éš”é›¢é£¯é¦™ ï½ è‚ºç‚ç–«æƒ…ä¸­çš„ä¸‹å»šå’Œç”Ÿæ´»ç­†è¨˜ åš´æƒ è•™å‰µä½œ,exhibition,artandcultureoutreach,https://www.instagram.com/p/C_khJiOR3u7/?img_index=1,8/9-28/9,8/9,28/9,,è‰ºéµ è—è¡“ç©ºé–“,Snapinsta.app_458578933_914566927380071_8235593508293847696_n_1080,
Y,,ç¬¬äºŒå±†ç§‘è—è—è¡“ç¯€,exhibition,hkatts,https://www.instagram.com/p/C8zQp3Pvz_Z/,21/9-29/9,21/9,29/9,,è¥¿ä¹æ–‡åŒ–å€è—è¡“å…¬åœ’è‡ªç”±ç©ºé–“ å¤§ç›’,,ã€ç¬¬äºŒå±†ç§‘è—è—è¡“ç¯€ã€‘ @hkatts | 21/9-29/9 | è¥¿ä¹æ–‡åŒ–å€è—è¡“å…¬åœ’è‡ªç”±ç©ºé–“ å¤§ç›’
Y,,ææ˜ç¶­ï¼šè²ä¹‹ç¶»,exhibition,mplusmuseum,https://www.instagram.com/p/C9cUzAbyBDl/?img_index=1,till 29/9,27/8,29/9,,M+,,ã€ææ˜ç¶­ï¼šè²ä¹‹ç¶»ã€‘ @mplusmuseum | till 29/9 | M+
Y,,Never End,exhibition,asiasocietyhk,https://www.instagram.com/p/C9MrpP4PpOP/,till 29/9,19/6,29/9,,Chantal Miller Gallery,,ã€Never Endã€‘ @asiasocietyhk | till 29/9 | Chantal Miller Gallery
Y,,30Â°N Parallel Northè—è¡“ä½œå“å±•,exhibition,likeblack.co,https://www.instagram.com/p/C-2c0dBvVPS/,till 29/9,5/9,29/9,,Gallery by the Harbour,Snapinsta.app_456118371_17872809225149738_469186523530974272_n_1080,ã€30Â°N Parallel Northè—è¡“ä½œå“å±•ã€‘ @likeblack.co | till 29/9 | Gallery by the Harbour
Y,,åŸå¸‚å¹¾ä½•,exhibition,hkreminiscence,https://www.instagram.com/p/C--V2eJyEJK/?img_index=1,till 30/9,24/8,30/9,,é¦™æ¸¯åº·å¾—æ€é…’åº—,,ã€åŸå¸‚å¹¾ä½•ã€‘ @hkreminiscence | till 30/9 | é¦™æ¸¯åº·å¾—æ€é…’åº—
Y,,æ‹¾åƒï¼šé¦™æ¸¯ç¾¤å³¶çµ®èª ,exhibition,wyndham_social,https://www.instagram.com/p/C-kiWVuv0r9/,till 6/10,23/8,6/10,,é¦™æ¸¯ä¸­ç’°é›²å’¸è¡— 33 è™Ÿåœ°ä¸‹,Snapinsta.app_454992643_918914590276182_2621174558997745936_n_1080,ã€æ‹¾åƒï¼šé¦™æ¸¯ç¾¤å³¶çµ®èª ã€‘ @wyndham_social | till 6/10 | é¦™æ¸¯ä¸­ç’°é›²å’¸è¡— 33 è™Ÿåœ°ä¸‹
Y,,ã€Šæ–‡åˆå¾—æ­¦åˆå¾—ã€‹ç¶“å…¸æ­¦ä¿ åŠ‡æœé£¾é“å…·å±•è¦½,exhibition,hk_pop_culture_festival,,till 7/10,8/5,7/10,,é¦™æ¸¯æ–‡åŒ–åšç‰©é¤¨,Snapinsta.app_456491743_1570817993787494_3824637865658000515_n_1080,ã€ã€Šæ–‡åˆå¾—æ­¦åˆå¾—ã€‹ç¶“å…¸æ­¦ä¿ åŠ‡æœé£¾é“å…·å±•è¦½ã€‘ @hk_pop_culture_festival | till 7/10 | é¦™æ¸¯æ–‡åŒ–åšç‰©é¤¨
Y,,ã€æ‚ é é¦™æ¸¯ã€ç•«å±•,exhibition,bistrocityhk,https://www.instagram.com/p/C9MjKfpPl54/,till 8/10,9/7,8/10,,é¦™æ¸¯å¤§æœƒå ‚ åŸä¸­é¤¨å­,Snapinsta.app_450437435_2908548675979424_4588996272273014795_n_1080,ã€ã€æ‚ é é¦™æ¸¯ã€ç•«å±•ã€‘ @bistrocityhk | till 8/10 | é¦™æ¸¯å¤§æœƒå ‚ åŸä¸­é¤¨å­
Y,,æ„›ï¼šå­”å¯§å€‹å±•,exhibition,musegarden.artspace,https://www.instagram.com/p/C_CjkpISqm_/,till 12/10,31/8,12/10,,Muse Garden,Snapinsta.app_456195601_1017787606712814_1140264348342776719_n_1080,ã€æ„›ï¼šå­”å¯§å€‹å±•ã€‘ @musegarden.artspace | till 12/10 | Muse Garden
Y,,ã€Œçª“ Windowã€by é»ƒçš“çµ,exhibition,barlemna,https://www.instagram.com/p/C-AKJpBp_5w/,till 13/10,10/8,13/10,,Glasshouse Culture Area at Lemna of the alchemist,Snapinsta.app_453207565_796351239280794_8616167509872998643_n_1080,ã€ã€Œçª“ Windowã€by é»ƒçš“çµã€‘ @barlemna | till 13/10 | Glasshouse Culture Area at Lemna of the alchemist
Y,,"â€œSecretly, Inwardly, Dimly,â€ Ding Zhiâ€™s first solo exhibition",exhibition,hkaga.official,https://www.instagram.com/p/C_SV2FWMdUr/,till 19/10,31/8,19/10,,MOU Projects,Snapinsta.app_457180798_834386228832250_5691579649768787021_n_1080,"ã€â€œSecretly, Inwardly, Dimly,â€ Ding Zhiâ€™s first solo exhibitionã€‘ @hkaga.official | till 19/10 | MOU Projects"
Y,,è—è¡“è°·åŸ”ï¼šç§‹å­£å±•,exhibition,kukpo.vision,https://www.instagram.com/p/C_fdjlLPBk7/?img_index=1,14/9-31/10,14/9,31/10,,æ²™é ­è§’è°·åŸ”å®¢å»³,Snapinsta.app_458387661_17976255248751958_7542754787073538952_n_1080,
Y,,â€œæ¸¯è—æ–°æ˜Ÿâ€å±•è¦½,exhibition,sunmuseumhk,https://www.instagram.com/p/C9wuN16P9ff/,till 3/11,6/7,3/11,,é¥’å®—é ¤æ–‡åŒ–é¤¨,Snapinsta.app_452262561_850379566564205_3375459286224936591_n_1080,ã€â€œæ¸¯è—æ–°æ˜Ÿâ€å±•è¦½ã€‘ @sunmuseumhk | till 3/11 | é¥’å®—é ¤æ–‡åŒ–é¤¨
Y,,HONG KONG D é¦™æ¸¯ä½œå“å±•,exhibition,hongkongd_,https://www.instagram.com/p/C_S1oxjvu6Z/,till 4/11,1/9,4/11,,å¤§å®‰èŒ¶å†°å»³,Snapinsta.app_457617352_523265390254984_2150167341378062992_n_1080,ã€HONG KONG D é¦™æ¸¯ä½œå“å±•ã€‘ @hongkongd_ | till 4/11 | å¤§å®‰èŒ¶å†°å»³
Y,,ç„¡å¸¸ä¹‹æ—¥å¸¸,exhibition,azlynn.w,https://www.instagram.com/p/C_TiWJxyti6/?img_index=1,till 5/11,5/9,5/11,,å’–å•¡ç©ºé–“,Snapinsta.app_457798661_18454359514023887_5416108869361303252_n_1080,ã€ç„¡å¸¸ä¹‹æ—¥å¸¸ã€‘ @azlynn.w | till 5/11 | å’–å•¡ç©ºé–“
Y,,ä¼éŸ¶å‹ ï¼š#å‚¾è½åœ°çƒæ—‹è½‰,exhibition,mill6chat,https://www.instagram.com/p/C9fJ_jLSDpF/?img_index=1,till 10/11,3/8,10/11,,CHATå…­å» â ,,ã€ä¼éŸ¶å‹ ï¼š#å‚¾è½åœ°çƒæ—‹è½‰ã€‘ @mill6chat | till 10/11 | CHATå…­å» â 
Y,,é‚Šä¸€å€‹ç™¼æ˜äº†è²æ½”,exhibition,acsvaw,https://www.instagram.com/p/C-fbqbNvVaI/?img_index=1,till 17/11,16/8,17/11,,480.0 æ€§åˆ¥ Ã— è—è¡“ç©ºé–“,,ã€é‚Šä¸€å€‹ç™¼æ˜äº†è²æ½”ã€‘ @acsvaw | till 17/11 | 480.0 æ€§åˆ¥ Ã— è—è¡“ç©ºé–“
Y,Free,ã€Œé¦¬èƒ¡é®‘æå¤§åŠ‡åœ˜ã€å±•è¦½,exhibition,iatc.hk,https://www.instagram.com/p/C7GcUAziu0A/?utm_source=ig_web_copy_link,till 31/12,31/5,31/12,,ä¸­å¤§åœ–æ›¸é¤¨,Snapinsta.app_436332028_851888110303893_4261398797303584112_n_1080,ã€ã€Œé¦¬èƒ¡é®‘æå¤§åŠ‡åœ˜ã€å±•è¦½ã€‘ @iatc.hk | till 31/12 | ä¸­å¤§åœ–æ›¸é¤¨
Y,,è²è¿éŠ˜ï¼šäººç”Ÿå¦‚å»ºç¯‰,exhibition,mplusmuseum,,till 31/12,29/6,31/12,,M+,,ã€è²è¿éŠ˜ï¼šäººç”Ÿå¦‚å»ºç¯‰ã€‘ @mplusmuseum | till 31/12 | M+
Y,,çŸ³æ¼¢ç‘ï¼šåŒ–åœ–ç‚ºèª,exhibition,mplusmuseum,,till 31/12,15/6,31/12,,M+,,ã€çŸ³æ¼¢ç‘ï¼šåŒ–åœ–ç‚ºèªã€‘ @mplusmuseum | till 31/12 | M+
Y,,Between black and white é»‘ç™½ä¹‹é–“,exhibition,hkmoa,,till 31/12,22/3,31/12,,HKMOA,,ã€Between black and white é»‘ç™½ä¹‹é–“ã€‘ @hkmoa | till 31/12 | HKMOA
Y,,ã€Šç§‘å¹»éŠå¢ƒã€‹å¤æ–‡æ˜éŠæˆ²å±•,exhibition,ilabcwb,,till 31/12,2/5,31/12,,iLabç§‘æ–‡é¤¨éŠ…é‘¼ç£æ€¡å’Œè¡—46-54è™Ÿéº¥ç•¶å‹å¤§å»ˆ3A,,ã€ã€Šç§‘å¹»éŠå¢ƒã€‹å¤æ–‡æ˜éŠæˆ²å±•ã€‘ @ilabcwb | till 31/12 | iLabç§‘æ–‡é¤¨éŠ…é‘¼ç£æ€¡å’Œè¡—46-54è™Ÿéº¥ç•¶å‹å¤§å»ˆ3A
Y,,å³å† ä¸­ x å¼µç€šè¬™ï½œã€Šç€‘æ—ã€‹å’Œã€Šè‹¥æ°´ã€‹è—è¡“è£ç½®,exhibition,arttechtalks,,till 31/12,22/3,31/12,,é¦™æ¸¯è—è¡“é¤¨,,ã€å³å† ä¸­ x å¼µç€šè¬™ï½œã€Šç€‘æ—ã€‹å’Œã€Šè‹¥æ°´ã€‹è—è¡“è£ç½®ã€‘ @arttechtalks | till 31/12 | é¦™æ¸¯è—è¡“é¤¨
Y,,æ»„æµ·ä¸€è²ç¬‘ â€” é»ƒéœ‘,exhibition,hk_pop_culture_festival,,till 31/12,17/7,31/12,,é¦™æ¸¯æ–‡åŒ–åšç‰©é¤¨å°ˆé¡Œå±•è¦½é¤¨ä¸€åŠäºŒ,Snapinsta.app_449780203_394504663612464_2662332026400253035_n_1080,ã€æ»„æµ·ä¸€è²ç¬‘ â€” é»ƒéœ‘ã€‘ @hk_pop_culture_festival | till 31/12 | é¦™æ¸¯æ–‡åŒ–åšç‰©é¤¨å°ˆé¡Œå±•è¦½é¤¨ä¸€åŠäºŒ