Available,Cost,Event name,Category,Organizer,Date,Time,Location,Photo,Summary
Y,,聯和趁墟－社區深度遊。步行導賞團,05. 認識香港,luenwomarket.hk,,,,,【聯和趁墟－社區深度遊。步行導賞團】 @luenwomarket.hk | 30/12 | 
Y,,〈自由靈魂的煩惱〉系列電影放映會：《真人Show (Truman Show)》,07. 藝術野,cloudatlas_bahk,,6-9pm,上水,,【〈自由靈魂的煩惱〉系列電影放映會：《真人Show (Truman Show)》】 @cloudatlas_bahk | 30/12 | 上水
Y,,〈自由靈魂的煩惱〉系列電影放映會：《搏擊會 (Fight Club)》,07. 藝術野,cloudatlas_bahk,,6-9pm,上水,,【〈自由靈魂的煩惱〉系列電影放映會：《搏擊會 (Fight Club)》】 @cloudatlas_bahk | 30/12 | 上水
Y,Free,大坑西邨沉浸式探索導賞團：《大坑西邨的「連」與「結」》,05. 認識香港,cogito._hk,,,大坑西邨,Snapinsta.app_445881427_417033541102454_4563357379030737336_n_1024,【大坑西邨沉浸式探索導賞團：《大坑西邨的「連」與「結」》】 @cogito._hk | 30/12 | 大坑西邨
Y,Free,四分鐘辯手 (成人辯論班),17. 其他,4mins_debater,,,online,Snapinsta.app_437773724_17941459604803204_611183937251316190_n_1024,【四分鐘辯手 (成人辯論班)】 @4mins_debater | 30/12 | online
Y,Free,南亞文化研習小組：南亞宗教信仰,06. 留在香港 環遊世界,fredie.hung,24/6,,少數點文化,441359720_765321722403047_1708163004769856949_n,【南亞文化研習小組：南亞宗教信仰】 @fredie.hung | 24/6 | 少數點文化
Y,Free,【招募試坐員】一齊喺城市入面揾下可以坐喺邊？！,04. 香港人/社區/文化,livingkatung,"15, 21, 22/6",,油尖旺區,Snapinsta.app_447921650_1939918759744392_7399420214565081835_n_1080,"【【招募試坐員】一齊喺城市入面揾下可以坐喺邊？！】 @livingkatung | 15, 21, 22/6 | 油尖旺區"
Y,,薄鳧林牧場導賞,05. 認識香港,thepokfulamfarm,"7/6, 8/6, 9/6, 14/6, 15/6, 16/6, 21/6, 22/6, 23/6, 28/6, 29/6, 30/6",,薄鳧林牧場,Snapinsta.app_444485365_836738061821339_5626708753901044054_n_1024,"【薄鳧林牧場導賞】 @thepokfulamfarm | 7/6, 8/6, 9/6, 14/6, 15/6, 16/6, 21/6, 22/6, 23/6, 28/6, 29/6, 30/6 | 薄鳧林牧場"
Y,,作「飾」生活‧文創市集,16. 市集,dreamcatcher_market,"14-16/6, 21-23/6, 28/6-1/7",,Mira Place B1 Atrium,Snapinsta.app_428373621_877677144400603_4724541169378306835_n_1080,"【作「飾」生活‧文創市集】 @dreamcatcher_market | 14-16/6, 21-23/6, 28/6-1/7 | Mira Place B1 Atrium"
Y,,牛亭集序 — 牛之塗鴉,07. 藝術野,artempathy.hk,21-23/6,,亞洲國際博覽館 6號館 6H11,,【牛亭集序 — 牛之塗鴉】 @artempathy.hk | 21-23/6 | 亞洲國際博覽館 6號館 6H11
Y,,熔爐行為藝術坊2024——七月主題: [身體練習之源頭],07. 藝術野,performance_art_furnace_hk,21-27/7,,灣仔富德樓,,【熔爐行為藝術坊2024——七月主題: [身體練習之源頭]】 @performance_art_furnace_hk | 21-27/7 | 灣仔富德樓
Y,,藝術應用證書工作坊,07. 藝術野,sinceconceptstore,"28/5, 22/6",,SINCE Concept Store,,"【藝術應用證書工作坊】 @sinceconceptstore | 28/5, 22/6 | SINCE Concept Store"
Y,,電影評論寫作坊,07. 藝術野,as.if_literature,"25/5, 1/6, 22/6, 29/6",8pm,石門,,"【電影評論寫作坊】 @as.if_literature | 25/5, 1/6, 22/6, 29/6 | 石門"
Y,,手沖咖啡體驗班,17. 其他,mybook1hk,"12/6, 22/6, 11/7, 27/7",,afterword cafe,,"【手沖咖啡體驗班】 @mybook1hk | 12/6, 22/6, 11/7, 27/7 | afterword cafe"
Y,,【香港老舖記錄冊 x 悅和醬園】本地醬園導賞團,05. 認識香港,hongkonghistoricalshops,"1/6, 15/6, 22/6, 29/6",10am-12pm,上水古洞悅和醬園,,"【【香港老舖記錄冊 x 悅和醬園】本地醬園導賞團】 @hongkonghistoricalshops | 1/6, 15/6, 22/6, 29/6 | 上水古洞悅和醬園"
Y,,寧靜的舒寫 | 《心經》抄寫。熱茶,11. 身心靈,just_bookstore,"18, 25/5, 1, 8, 15, 22, 29/6",6:30-9:30pm,灣仔告士打道 169號 1樓,,"【寧靜的舒寫 | 《心經》抄寫。熱茶】 @just_bookstore | 18, 25/5, 1, 8, 15, 22, 29/6 | 灣仔告士打道 169號 1樓"
Y,,「雪櫃暖說話 - 打開家庭心底話」互動工作坊,10. 親子關係,bgcahk,"18/5, 25/5, 1/6, 8/6, 15/6, 22/6",,香港小童群益會總部1樓,,"【「雪櫃暖說話 - 打開家庭心底話」互動工作坊】 @bgcahk | 18/5, 25/5, 1/6, 8/6, 15/6, 22/6 | 香港小童群益會總部1樓"
Y,,常霖法師「自在生活禪」之〈周六共修聽故事,11. 身心靈,pause_breathe,"15/6, 22/6, 29/6",10-11:15am,online,,"【常霖法師「自在生活禪」之〈周六共修聽故事】 @pause_breathe | 15/6, 22/6, 29/6 | online"
Y,,Pride at Eaton 2024,09. 性別/關係,eaton.hk,"8/6, 9/6, 15/6, 16/6, 22/6, 23/6, 25/6, 29/6, 30/6, 5/7, 6/7, 7/7, 12/7, 13/7, 14/7, 20/7, 27/7",,Eaton HK,Snapinsta.app_447196868_18234783226256576_4396597230442161085_n_1080,"【Pride at Eaton 2024】 @eaton.hk | 8/6, 9/6, 15/6, 16/6, 22/6, 23/6, 25/6, 29/6, 30/6, 5/7, 6/7, 7/7, 12/7, 13/7, 14/7, 20/7, 27/7 | Eaton HK"
Y,,大澳靜心日,11. 身心靈,mindful_still_together,"9, 17, 22, 23, 29, 30/6, 13, 21, 22, 27, 28/7, 10, 11, 24, 25/8",11am-6pm,大澳禪中心,,"【大澳靜心日】 @mindful_still_together | 9, 17, 22, 23, 29, 30/6, 13, 21, 22, 27, 28/7, 10, 11, 24, 25/8 | 大澳禪中心"
Y,,Fountain Academy Showcase,15. 音樂,fountaindechopin,22/6,8pm,Fountain,,【Fountain Academy Showcase】 @fountaindechopin | 22/6 | Fountain
Y,,經濟學主題桌遊日：Tulip Bubble鬱金香泡沫,17. 其他,stonehousescafe,22/6,6:30-10pm,石屋家園,,【經濟學主題桌遊日：Tulip Bubble鬱金香泡沫】 @stonehousescafe | 22/6 | 石屋家園
Y,,《文又得武又得》文歌起武音樂會,15. 音樂,hk_pop_culture_festival,22/6,2:45pm,香港文化中心地下大堂,,【《文又得武又得》文歌起武音樂會】 @hk_pop_culture_festival | 22/6 | 香港文化中心地下大堂
Y,,《文又得武又得》武．影．「非」凡—葉問詠春,04. 香港人/社區/文化,hk_pop_culture_festival,22/6,4:30pm,香港文化中心地下大堂,,【《文又得武又得》武．影．「非」凡—葉問詠春】 @hk_pop_culture_festival | 22/6 | 香港文化中心地下大堂
Y,,四海之內：河豚子專場,17. 其他,tickcats,22/6,7pm,MOM Livehouse,,【四海之內：河豚子專場】 @tickcats | 22/6 | MOM Livehouse
Y,,老店及招牌速寫 及 招牌製作工作坊,04. 香港人/社區/文化,drawing.buddies.hk,22/6,1-5pm,新蒲崗,,【老店及招牌速寫 及 招牌製作工作坊】 @drawing.buddies.hk | 22/6 | 新蒲崗
Y,,九龍城寨深度遊——國語團,05. 認識香港,kowloon.city.walking.trail,22/6,11am-12:30pm,九龍城,,【九龍城寨深度遊——國語團】 @kowloon.city.walking.trail | 22/6 | 九龍城
Y,,神學對談講座系列 【現代人的靈性生活：第二講】,11. 身心靈,hk_cclc,22/6,10am-12pm,紅磡聖母堂,,【神學對談講座系列 【現代人的靈性生活：第二講】】 @hk_cclc | 22/6 | 紅磡聖母堂
Y,,6月讀戲劇場《下次月球見》,07. 藝術野,hkrep,22/6,2:45pm,香港大會堂,,【6月讀戲劇場《下次月球見》】 @hkrep | 22/6 | 香港大會堂
Y,,建造綠色工作坊 – 海浪肌理畫,07. 藝術野,cic.zcphk,22/6,2-4:30pm,建造業零碳天地,,【建造綠色工作坊 – 海浪肌理畫】 @cic.zcphk | 22/6 | 建造業零碳天地
Y,,頌缽實用入門,11. 身心靈,the.hanli,22/6,1:30-5:30pm,漢礼 - 灣仔,,【頌缽實用入門】 @the.hanli | 22/6 | 漢礼 - 灣仔
Y,,水墨悠遊體驗班----荔枝,07. 藝術野,the.hanli,22/6,4:30-6:30pm,漢礼 - 灣仔,,【水墨悠遊體驗班----荔枝】 @the.hanli | 22/6 | 漢礼 - 灣仔
Y,,軟陶瓷工作坊,12. 整下野,centralmarkethk,22/6,2:30-4:30pm,中環中心地下H6 CONET,,【軟陶瓷工作坊】 @centralmarkethk | 22/6 | 中環中心地下H6 CONET
Y,,攝影導賞團,05. 認識香港,centralmarkethk,22/6,2:30-5pm,中環,,【攝影導賞團】 @centralmarkethk | 22/6 | 中環
Y,,傾傾設計——老友記想要乜？,04. 香港人/社區/文化,urbanroom.social,22/6,3-4:30pm,英皇道1046號益昌大廈20號,,【傾傾設計——老友記想要乜？】 @urbanroom.social | 22/6 | 英皇道1046號益昌大廈20號
Y,,《逃避自由》分享會,01. 與書相遇,knockknockbookstore,22/6,6-8pm,knock knock 覺閣,,【《逃避自由》分享會】 @knockknockbookstore | 22/6 | knock knock 覺閣
Y,,「觸動」舞蹈體驗 @ M+,13. 運動下,mplusmuseum,22/6,3-4pm,M+,,【「觸動」舞蹈體驗 @ M+】 @mplusmuseum | 22/6 | M+
Y,,"Celebrating Our Humanity through Dance, Food, and Film",06. 留在香港 環遊世界,grassrootsfuture,22/6,4-7pm,Africa Center,,"【Celebrating Our Humanity through Dance, Food, and Film】 @grassrootsfuture | 22/6 | Africa Center"
Y,Free,讀書會「不勝人生一場醉：《笑傲江湖》故事真相探析」,01. 與書相遇,delis.ver,22/6,8:30pm,online,Snapinsta.app_447674748_883602360453298_4503198235868335385_n_1024,【讀書會「不勝人生一場醉：《笑傲江湖》故事真相探析」】 @delis.ver | 22/6 | online
Y,,看見與聽到。覺知、呼吸與震動,07. 藝術野,artandcultureoutreach,22/6,3-4:30pm,艺鵠藝術空間,,【看見與聽到。覺知、呼吸與震動】 @artandcultureoutreach | 22/6 | 艺鵠藝術空間
Y,,「我們相聚，不需言語」休息再出發 繪本《拾星星的人》研討小聚,01. 與書相遇,lifereading.vwlink,22/6,3-4:30pm,The Lighthouse光舍,,【「我們相聚，不需言語」休息再出發 繪本《拾星星的人》研討小聚】 @lifereading.vwlink | 22/6 | The Lighthouse光舍
Y,,「談談情 . 跳跳舞 : 融與茁」工作坊,11. 身心靈,eatahk,22/6,7-9pm,香港神託會靈基營,,【「談談情 . 跳跳舞 : 融與茁」工作坊】 @eatahk | 22/6 | 香港神託會靈基營
Y,,也門：阿拉伯「樂土」的當代悲歌,06. 留在香港 環遊世界,travellercommons,22/6,5-6pm,誠品尖沙咀,,【也門：阿拉伯「樂土」的當代悲歌】 @travellercommons | 22/6 | 誠品尖沙咀
Y,,淺談筆跡興趣工作坊,07. 藝術野,trace.of.words,22/6,11:30am-1pm / 2-3:30pm,618 上海街,,【淺談筆跡興趣工作坊】 @trace.of.words | 22/6 | 618 上海街
Y,Free,Culture & Corks Vol.16:建築保育心理學,04. 香港人/社區/文化,kongcept852,22/6,3-4:30pm,壹合// 上環皇后大道西壹號,Snapinsta.app_448306302_1115367446188839_6394578502562863623_n_1024,【Culture & Corks Vol.16:建築保育心理學】 @kongcept852 | 22/6 | 壹合// 上環皇后大道西壹號
Y,,【村里故事－鄉郊、故事、復育⋯然之後？ 】故事整理室,04. 香港人/社區/文化,ruralcommon.hk,22/6,11:30am-6:30pm,The Future Workshop,,【【村里故事－鄉郊、故事、復育⋯然之後？ 】故事整理室】 @ruralcommon.hk | 22/6 | The Future Workshop
Y,,【村里故事－鄉郊、故事、復育⋯然之後？ 】成果分享會,04. 香港人/社區/文化,ruralcommon.hk,22/6,2:30-4:30pm,The Future Workshop,,【【村里故事－鄉郊、故事、復育⋯然之後？ 】成果分享會】 @ruralcommon.hk | 22/6 | The Future Workshop
Y,Free,竹編技藝工作坊,12. 整下野,readingisjoyful,22/6,10:30am-1pm / 2:30-5pm,黃竹坑香葉道41號10樓,Snapinsta.app_447962386_759398509697069_26923568056770404_n_1024,【竹編技藝工作坊】 @readingisjoyful | 22/6 | 黃竹坑香葉道41號10樓
Y,,閱讀沙龍Vol.11——李琴峰《倒數五秒月牙》,01. 與書相遇,abc.abookclub,22/6,2:30-4:30pm,閱讀俱樂部,,【閱讀沙龍Vol.11——李琴峰《倒數五秒月牙》】 @abc.abookclub | 22/6 | 閱讀俱樂部
Y,,湯米酋長作品分享會,07. 藝術野,tommychief_oil,22/6,5:30-7pm,Oasis Cafe,,【湯米酋長作品分享會】 @tommychief_oil | 22/6 | Oasis Cafe
Y,,「城市文學散步」#6——天橋上看風的形狀,05. 認識香港,diaspora_explorer,22/6,7-10pm,維多利亞公園噴水池,,【「城市文學散步」#6——天橋上看風的形狀】 @diaspora_explorer | 22/6 | 維多利亞公園噴水池
Y,,樹脂酒樽設計工作坊,12. 整下野,chiu_club,22/6,2-5pm,九龍長沙灣光昌街3號鴻昌大廈4樓D1,,【樹脂酒樽設計工作坊】 @chiu_club | 22/6 | 九龍長沙灣光昌街3號鴻昌大廈4樓D1
Y,,甲骨文噴噴畫畫工作坊,07. 藝術野,warehouseteenageclub,22/6,2/3/4pm,香港歷史博物館一樓戶外庭園,,【甲骨文噴噴畫畫工作坊】 @warehouseteenageclub | 22/6 | 香港歷史博物館一樓戶外庭園
Y,,〈藉着閱讀展開對話〉工作坊,01. 與書相遇,knockknockbookstore,22/6,10:30am-1pm,knock knock 覺閣,,【〈藉着閱讀展開對話〉工作坊】 @knockknockbookstore | 22/6 | knock knock 覺閣
Y,,遺書導讀工作坊,11. 身心靈,hkfilmcritics.society,22/6,2-4pm,電影文化中心,,【遺書導讀工作坊】 @hkfilmcritics.society | 22/6 | 電影文化中心
Y,Free,大澳漁民生活文化展 — 大澳傳統魚網編織技巧工作坊,04. 香港人/社區/文化,ourlantau,22/6,3:30-4:30pm,東涌社區聯絡中心,Snapinsta.app_447678062_942958947841720_4144979156080856367_n_1080,【大澳漁民生活文化展 — 大澳傳統魚網編織技巧工作坊】 @ourlantau | 22/6 | 東涌社區聯絡中心
Y,,《電影後電影》新書發佈,01. 與書相遇,floatingprojects,22/6,3pm,賽馬會創意藝術中心,,【《電影後電影》新書發佈】 @floatingprojects | 22/6 | 賽馬會創意藝術中心
Y,,沈西城《舊夢迷濛》新書發佈會,01. 與書相遇,book.punch,22/6,2-3:30pm,一拳書館,,【沈西城《舊夢迷濛》新書發佈會】 @book.punch | 22/6 | 一拳書館
Y,,In House Full Moon Gathering,08. 環保與大自然,fashionjunglehk,22/6,7:30pm,大嶼山貝澳”Life On Base”,,【In House Full Moon Gathering】 @fashionjunglehk | 22/6 | 大嶼山貝澳”Life On Base”
Y,,品茶體驗工作坊,04. 香港人/社區/文化,neighbor_outdoor,22/6,2-4pm,土瓜灣,,【品茶體驗工作坊】 @neighbor_outdoor | 22/6 | 土瓜灣
Y,,純真地平線和哀傷漥穴,07. 藝術野,artandcultureoutreach,22/6,8-9pm,艺鵠書店,,【純真地平線和哀傷漥穴】 @artandcultureoutreach | 22/6 | 艺鵠書店
Y,,人人有灘淨,08. 環保與大自然,hk.sea,22/6,1-4:30pm,小棕林,,【人人有灘淨】 @hk.sea | 22/6 | 小棕林
Y,,法師分享活動——佛法與生活、義工的應用,11. 身心靈,buddhist.connected.hk,22/6,8-10pm,online,,【法師分享活動——佛法與生活、義工的應用】 @buddhist.connected.hk | 22/6 | online
Y,,讀書分享會——被遺忘的香港故事 - 南涌講古,01. 與書相遇,sai1do1,22/6,5-7pm,神話書店,,【讀書分享會——被遺忘的香港故事 - 南涌講古】 @sai1do1 | 22/6 | 神話書店
Y,,2024香港MEMBER交友攻略,09. 性別/關係,prideline22175959,22/6,7:30-9:30pm,Pride Land同．心匯,,【2024香港MEMBER交友攻略】 @prideline22175959 | 22/6 | Pride Land同．心匯
Y,,RUN TO BEER,13. 運動下,hiketoclean,22/6,8pm-12am,長沙灣/太子,,【RUN TO BEER】 @hiketoclean | 22/6 | 長沙灣/太子
Y,,編織工作坊,12. 整下野,akisilentmoment,22/6,2:30-5pm,the DOOORs art space,,【編織工作坊】 @akisilentmoment | 22/6 | the DOOORs art space
Y,,天水圍前世今生,05. 認識香港,tswnw2cgo,22/6,2-7pm,天水圍、輞井圍、豐樂圍,,【天水圍前世今生】 @tswnw2cgo | 22/6 | 天水圍、輞井圍、豐樂圍
Y,,夕拾分享會：舊物傳承,04. 香港人/社區/文化,designspectrum.hk,22/6,2-4pm,荔枝角長義街9號 D2 Place 一期7樓A室,,【夕拾分享會：舊物傳承】 @designspectrum.hk | 22/6 | 荔枝角長義街9號 D2 Place 一期7樓A室
Y,,群象圍爐：「拍拖」研討會,09. 性別/關係,alephants.sgcg,22/6,2:30-5:30pm,觀塘區,,【群象圍爐：「拍拖」研討會】 @alephants.sgcg | 22/6 | 觀塘區
Y,,Music of the Week - JoJo & Entonie 2300-0100 @_jojo_liheiyiu @entoniekwong,15. 音樂,barrelbarnrestaurant,22/6,11pm-1am,Barrel Bar & Restaurant,,【Music of the Week - JoJo & Entonie 2300-0100 @_jojo_liheiyiu @entoniekwong】 @barrelbarnrestaurant | 22/6 | Barrel Bar & Restaurant
Y,,Jazz Artist Focus: Alan Kwan x Bowen Li,15. 音樂,kindofbrewhk,22/6,8pm,Kind of Brew,,【Jazz Artist Focus: Alan Kwan x Bowen Li】 @kindofbrewhk | 22/6 | Kind of Brew
Y,Free,線下辯論活動：「愛情」,04. 香港人/社區/文化,contrast_hk,22/6,7-9pm,長沙灣福榮街512-518號地下Contrast,Snapinsta.app_448451074_438518989060922_8960863635758438117_n_1080,【線下辯論活動：「愛情」】 @contrast_hk | 22/6 | 長沙灣福榮街512-518號地下Contrast
Y,,香港咖啡種植與咖啡渣驅蚊香工作坊,08. 環保與大自然,seedtocuphk,22/6,10am-12:15pm,粉嶺 丹竹坑 新屋仔 OFARM PLUS,,【香港咖啡種植與咖啡渣驅蚊香工作坊】 @seedtocuphk | 22/6 | 粉嶺 丹竹坑 新屋仔 OFARM PLUS
Y,,LUMOS Live Music Show - Stella,15. 音樂,lumos.restaurantandbar,22/6,7:30-10:30pm,LUMOS Restaurant and Bar,,【LUMOS Live Music Show - Stella】 @lumos.restaurantandbar | 22/6 | LUMOS Restaurant and Bar
Y,Free,同你讀：雙身 （by 董啟章）,01. 與書相遇,nomad_reading_group,22/6,5-6:30pm,online,Snapinsta.app_448455052_17961083633784141_2586265524722301619_n_1080,【同你讀：雙身 （by 董啟章）】 @nomad_reading_group | 22/6 | online
Y,,Walk & Talk - Localising the Modern : A Walking Tour of Buildings by Hong Kong's Modern Architects,05. 認識香港,docomomo.hk,22/6,2:30-6pm,Stanley and Wanchai,,【Walk & Talk - Localising the Modern : A Walking Tour of Buildings by Hong Kong's Modern Architects】 @docomomo.hk | 22/6 | Stanley and Wanchai
Y,,威士忌酒館,01. 與書相遇,windowandalley,22/6,7-11pm,窗後巷 Window And Alley,,【威士忌酒館】 @windowandalley | 22/6 | 窗後巷 Window And Alley
Y,,「夏商周青銅紋飾版畫」藝術工作坊,07. 藝術野,warehouseteenageclub,22/6,2-5pm,香港歷史博物館,,【「夏商周青銅紋飾版畫」藝術工作坊】 @warehouseteenageclub | 22/6 | 香港歷史博物館
Y,Free,「情緒GPS - 管理好情緒：如何助人及自助」講座,11. 身心靈,sjc_life_enrichment_centre,22/6,2:30-4pm,聖約翰座堂,Snapinsta.app_445693407_18439509370048570_4646073054434984747_n_1080,【「情緒GPS - 管理好情緒：如何助人及自助」講座】 @sjc_life_enrichment_centre | 22/6 | 聖約翰座堂
Y,Free,講座——西伯利亞攝遊記,06. 留在香港 環遊世界,hkspacem,22/6,3-4:30pm,香港太空館演講廳,Snapinsta.app_444486111_872047964961745_5043142391848538361_n_1024,【講座——西伯利亞攝遊記】 @hkspacem | 22/6 | 香港太空館演講廳
Y,Free,七千年來的普通人：前殖民時代香港,01. 與書相遇,ancient_hk_stories,22/6,3:30-4:30pm,誠品銅鑼灣,Snapinsta.app_448706102_1905502423217208_8891493562441444007_n_1080,【七千年來的普通人：前殖民時代香港】 @ancient_hk_stories | 22/6 | 誠品銅鑼灣
Y,,6月農夫開檔日,16. 市集,good_old_soil,"22, 23, 29, 30/6",11am-4pm,梅窩鄉事委員會路33號地下「好老土」,,"【6月農夫開檔日】 @good_old_soil | 22, 23, 29, 30/6 | 梅窩鄉事委員會路33號地下「好老土」"
Y,,【百年營造：遊走利園區脈絡】社區導賞團,05. 認識香港,hongkonghistoricalshops,"22, 23, 36, 26, 27, 29, 30/6, 2, 3, 4, 6, 7, 9, 10, 11, 13, 14, 16, 17, 18, 20, 21, 23, 24, 25, 27, 28, 30, 31/7",,利園區,,"【【百年營造：遊走利園區脈絡】社區導賞團】 @hongkonghistoricalshops | 22, 23, 36, 26, 27, 29, 30/6, 2, 3, 4, 6, 7, 9, 10, 11, 13, 14, 16, 17, 18, 20, 21, 23, 24, 25, 27, 28, 30, 31/7 | 利園區"
Y,,T恤縫紉升級改造工作坊,12. 整下野,fabricax_hk,"22, 23/6",,Fabrica X,,"【T恤縫紉升級改造工作坊】 @fabricax_hk | 22, 23/6 | Fabrica X"
Y,,二手市集 x「衫漠」體驗,16. 市集,themillshk,22-23/6,1-7pm,南豐紗廠一樓中庭,,【二手市集 x「衫漠」體驗】 @themillshk | 22-23/6 | 南豐紗廠一樓中庭
Y,,啡遊世界二重奏,06. 留在香港 環遊世界,lonelypaisley,"22, 23/6",3:30-5pm,Lonely Paisley,,"【啡遊世界二重奏】 @lonelypaisley | 22, 23/6 | Lonely Paisley"
Y,,《我們不過剛好碰在這個星球》舞蹈劇場,07. 藝術野,panlabhk,"22, 23/6",,賽馬會創意藝術中心 JCCAC 黑盒劇場,,"【《我們不過剛好碰在這個星球》舞蹈劇場】 @panlabhk | 22, 23/6 | 賽馬會創意藝術中心 JCCAC 黑盒劇場"
Y,,桌遊培訓實戰系列課程——桌遊設計及製作,17. 其他,empowernext,"22, 29/6, 6/7",2-5pm,天道書樓,,"【桌遊培訓實戰系列課程——桌遊設計及製作】 @empowernext | 22, 29/6, 6/7 | 天道書樓"
Y,,香港藝術史考察團,07. 藝術野,skip.class.uk,"22, 29/6, 6, 13, 20, 27/7, 3, 10/8",10pm-12am,online,,"【香港藝術史考察團】 @skip.class.uk | 22, 29/6, 6, 13, 20, 27/7, 3, 10/8 | online"
Y,,Secondhand Books Sale,02. 好書血拼,gentlebooksco,22-23/6,10am-5pm,@commongroundhk,,【Secondhand Books Sale】 @gentlebooksco | 22-23/6 | @commongroundhk
Y,,導賞及併貼橫額工作坊,05. 認識香港,pangjai.art.reconnect,"22, 23/6",2-5pm,深水埗,,"【導賞及併貼橫額工作坊】 @pangjai.art.reconnect | 22, 23/6 | 深水埗"
Y,,Lemna Coffee Fest 2024,16. 市集,barlemna,"22, 23/6",12-7pm,Glasshouse Culture Area at Lemna of the alchemist,,"【Lemna Coffee Fest 2024】 @barlemna | 22, 23/6 | Glasshouse Culture Area at Lemna of the alchemist"
Y,,6月織刻生活祭《農墟 x 二手書市集》,16. 市集,intimeofhk,"22, 23/6",12-6pm,,,"【6月織刻生活祭《農墟 x 二手書市集》】 @intimeofhk | 22, 23/6 | "
Y,,SHOP OUR CLOSET KOL二手市集,16. 市集,retrovert.hk,"22, 23/6",1-7pm,南豐紗廠1/F中庭,,"【SHOP OUR CLOSET KOL二手市集】 @retrovert.hk | 22, 23/6 | 南豐紗廠1/F中庭"
Y,,公開示範巡演暨工作坊,07. 藝術野,danceless.unlock,"22, 23, 30/6, 10, 31/7, 3, 4, 28/8, 16, 17/11",,,,"【公開示範巡演暨工作坊】 @danceless.unlock | 22, 23, 30/6, 10, 31/7, 3, 4, 28/8, 16, 17/11 | "
Y,,南涌專題導賞：農田農業,08. 環保與大自然,pnecnamchung,23/6,9:30am-2pm,南涌,,【南涌專題導賞：農田農業】 @pnecnamchung | 23/6 | 南涌
Y,,bookclub23: 《長日將盡》石黑一雄,01. 與書相遇,jisaam.books,23/6,2-3:30pm,貳叄書房(中環),,【bookclub23: 《長日將盡》石黑一雄】 @jisaam.books | 23/6 | 貳叄書房(中環)
Y,,《香港爵士樂圈》講座 - 第二講：香港爵士樂的人物與地方特寫,07. 藝術野,fountaindechopin,23/6,3pm,Jim Hall @ Fountain,,【《香港爵士樂圈》講座 - 第二講：香港爵士樂的人物與地方特寫】 @fountaindechopin | 23/6 | Jim Hall @ Fountain
Y,,咖啡拉花初級班,17. 其他,mybook1hk,23/6,10:30am-12pm,商務旺角美觀分館,,【咖啡拉花初級班】 @mybook1hk | 23/6 | 商務旺角美觀分館
Y,,利園區Urban Talks節目 – 第十二期【定格銅鑼灣】- 手繪漫畫工作坊,07. 藝術野,leegardensassociation,23/6,2:30-4:30pm,Bizhouse,,【利園區Urban Talks節目 – 第十二期【定格銅鑼灣】- 手繪漫畫工作坊】 @leegardensassociation | 23/6 | Bizhouse
Y,,6月清潔行動——港島大浪灣,08. 環保與大自然,naturerescuehk,23/6,4pm,港島大浪灣,,【6月清潔行動——港島大浪灣】 @naturerescuehk | 23/6 | 港島大浪灣
Y,,單車與水彩紀實,05. 認識香港,tswnw2cgo,23/6,2-7pm,天水圍、元朗、屯門,,【單車與水彩紀實】 @tswnw2cgo | 23/6 | 天水圍、元朗、屯門
Y,,建造綠色工作坊 – 零碳觀鳥及模型工作坊,08. 環保與大自然,cic.zcphk,23/6,2-4pm,建造業零碳天地,,【建造綠色工作坊 – 零碳觀鳥及模型工作坊】 @cic.zcphk | 23/6 | 建造業零碳天地
Y,,多肉盆栽蠟燭工作坊,12. 整下野,centralmarkethk,23/6,2:30-4:30pm,中環中心地下H6 CONET,,【多肉盆栽蠟燭工作坊】 @centralmarkethk | 23/6 | 中環中心地下H6 CONET
Y,,SKETCH CRAWL @ 香港公園,07. 藝術野,joyinarthk,23/6,3:30pm,HK Park Fountain Plaza,,【SKETCH CRAWL @ 香港公園】 @joyinarthk | 23/6 | HK Park Fountain Plaza
Y,,用身體傾傾計：戶外即興舞蹈工作坊,07. 藝術野,art_is_land,23/6,2:30-5:30pm,銅鑼灣區,,【用身體傾傾計：戶外即興舞蹈工作坊】 @art_is_land | 23/6 | 銅鑼灣區
Y,,青春需要誇—跨青電影放映會及真人圖書館,09. 性別/關係,hkss.gsc,23/6,1-6pm,Eaton HK 逸東酒店,,【青春需要誇—跨青電影放映會及真人圖書館】 @hkss.gsc | 23/6 | Eaton HK 逸東酒店
Y,,新書分享會《Bad Acting - 踢走爛演技的5堂課》,07. 藝術野,o_theatre_workshop,23/6,5:30-7pm,誠品銅鑼灣,,【新書分享會《Bad Acting - 踢走爛演技的5堂課》】 @o_theatre_workshop | 23/6 | 誠品銅鑼灣
Y,,正念手作 生命之眼體驗工作坊,12. 整下野,hbl60516015,23/6,2:30-5:30pm,Headboy's Lounge,,【正念手作 生命之眼體驗工作坊】 @hbl60516015 | 23/6 | Headboy's Lounge
Y,,工作坊｜城市蕪痕,04. 香港人/社區/文化,wma_hk,23/6,2:30-6pm,上環,,【工作坊｜城市蕪痕】 @wma_hk | 23/6 | 上環
Y,,漂思沙龍 Vol.03 —— 新造城市：在新市鎮連結社群,04. 香港人/社區/文化,goodlab,23/6,2:30-5pm,The Future Workshop,,【漂思沙龍 Vol.03 —— 新造城市：在新市鎮連結社群】 @goodlab | 23/6 | The Future Workshop
Y,,史研導賞團 - 郵歷龍城,05. 認識香港,hkhistory_org,23/6,2-4:30pm,九龍城,,【史研導賞團 - 郵歷龍城】 @hkhistory_org | 23/6 | 九龍城
Y,,Culture & Corks Vol.17: 只能做設計？建築師轉跑道！,04. 香港人/社區/文化,kongcept852,23/6,11:30am-1pm,commaa,,【Culture & Corks Vol.17: 只能做設計？建築師轉跑道！】 @kongcept852 | 23/6 | commaa
Y,,Zine to Coffee,01. 與書相遇,breathe.island.home,23/6,1-6pm,Wara Wara,,【Zine to Coffee】 @breathe.island.home | 23/6 | Wara Wara
Y,,我們為何努力？,01. 與書相遇,thought_pot_,23/6,2:30-4:30pm,太子,,【我們為何努力？】 @thought_pot_ | 23/6 | 太子
Y,,上環生死導賞團 - 我們死在一百年前,05. 認識香港,travpholer,23/6,2:30-4pm,上環,,【上環生死導賞團 - 我們死在一百年前】 @travpholer | 23/6 | 上環
Y,,古蹟繪本工作坊——一起想繪本分享會,04. 香港人/社區/文化,excohk,23/6,2-3:15pm,遊展工作室,,【古蹟繪本工作坊——一起想繪本分享會】 @excohk | 23/6 | 遊展工作室
Y,,六月棟篤笑Open mic——笑旅時代 - Open mic @giggle_generation,15. 音樂,hkc_comedy,23/6,6-8pm,Busybird 灣仔聖佛蘭士街10號地舖,,【六月棟篤笑Open mic——笑旅時代 - Open mic @giggle_generation】 @hkc_comedy | 23/6 | Busybird 灣仔聖佛蘭士街10號地舖
Y,,六月棟篤笑Open mic——爆笑館 - Work in progress show @halloflaughshk,15. 音樂,hkc_comedy,23/6,7-9pm,The Aftermath 中環雲咸街57-59號低層地舖,,【六月棟篤笑Open mic——爆笑館 - Work in progress show @halloflaughshk】 @hkc_comedy | 23/6 | The Aftermath 中環雲咸街57-59號低層地舖
Y,,大埔人大埔貓 領養日,08. 環保與大自然,tpptpc,23/6,2-5pm,大埔懷仁街41號閣樓 大叔辦事處,,【大埔人大埔貓 領養日】 @tpptpc | 23/6 | 大埔懷仁街41號閣樓 大叔辦事處
Y,,掌門 x AfterGlowArt Stuido 香水工作坊,12. 整下野,zhangmenhk,23/6,5-7:30pm,掌門 (旺角店),,【掌門 x AfterGlowArt Stuido 香水工作坊】 @zhangmenhk | 23/6 | 掌門 (旺角店)
Y,,躝街躝去將軍澳,05. 認識香港,hans.bookstorehk,23/6,2:30-5pm,將軍澳,,【躝街躝去將軍澳】 @hans.bookstorehk | 23/6 | 將軍澳
Y,,青春需要誇—跨青真人圖書館,09. 性別/關係,hkss.gsc,23/6,1-6pm,Eaton HK 逸東酒店,,【青春需要誇—跨青真人圖書館】 @hkss.gsc | 23/6 | Eaton HK 逸東酒店
Y,,Sunday Story Telling,10. 親子關係,urbanroom.social,23/6,2pm,鰂魚涌 . 城舍,,【Sunday Story Telling】 @urbanroom.social | 23/6 | 鰂魚涌 . 城舍
Y,,二手漂書市集,02. 好書血拼,urbanroom.social,23/6,1-7pm,鰂魚涌 . 城舍,,【二手漂書市集】 @urbanroom.social | 23/6 | 鰂魚涌 . 城舍
Y,,Singer Songwriter Afternoon: Tomii,04. 香港人/社區/文化,goodlab,23/6,2:30-5pm,The Future Workshop @ 荔枝角青山道700號時運中心1303室,,【Singer Songwriter Afternoon: Tomii】 @goodlab | 23/6 | The Future Workshop @ 荔枝角青山道700號時運中心1303室
Y,,,15. 音樂,kindofbrewhk,23/6,3-4:30pm,Kind of Brew,,【】 @kindofbrewhk | 23/6 | Kind of Brew
Y,,Clothing Repair & Upcycling Workshop,12. 整下野,gwobean,23/6,1-3:30pm,,,【Clothing Repair & Upcycling Workshop】 @gwobean | 23/6 | 
Y,,LUMOS Live Music Show - Jacky,15. 音樂,lumos.restaurantandbar,23/6,7:30-10:30pm,LUMOS Restaurant and Bar,,【LUMOS Live Music Show - Jacky】 @lumos.restaurantandbar | 23/6 | LUMOS Restaurant and Bar
Y,,新書分享會(三) 《BAD ACTiNG - 踢走爛演技的5堂課》,07. 藝術野,o_theatre_workshop,23/6,5:30-7pm,誠品銅鑼灣,,【新書分享會(三) 《BAD ACTiNG - 踢走爛演技的5堂課》】 @o_theatre_workshop | 23/6 | 誠品銅鑼灣
Y,Free,天文電影《智能中國：前沿科學—變動中的地球》,17. 其他,hkspacem,23/6,3-4pm,香港太空館演講廳,Snapinsta.app_444486111_872047964961745_5043142391848538361_n_1024,【天文電影《智能中國：前沿科學—變動中的地球》】 @hkspacem | 23/6 | 香港太空館演講廳
Y,Free,天文電影《尋找太空邊緣》,17. 其他,hkspacem,23/6,4:30-5:30pm,香港太空館演講廳,Snapinsta.app_444486111_872047964961745_5043142391848538361_n_1024,【天文電影《尋找太空邊緣》】 @hkspacem | 23/6 | 香港太空館演講廳
Y,,靜心 x 水彩寫生課程,11. 身心靈,mindful_still_together,"23/6, 30/6, 7/7, 14/7, 11/8 18/8 25/8 1/9",1-4pm,如舍,,"【靜心 x 水彩寫生課程】 @mindful_still_together | 23/6, 30/6, 7/7, 14/7, 11/8 18/8 25/8 1/9 | 如舍"
Y,,遺物轉化工作坊 - 用線連繫回憶,11. 身心靈,hkhsws,"23/6, 30/6",1:30-5pm,彌敦道337-339號金滿樓4E,,"【遺物轉化工作坊 - 用線連繫回憶】 @hkhsws | 23/6, 30/6 | 彌敦道337-339號金滿樓4E"
Y,,超八米厘菲林工作坊,17. 其他,filmculturecentre_hk,"23, 29/6, 6, 20/7",,電影文化中心會址,,"【超八米厘菲林工作坊】 @filmculturecentre_hk | 23, 29/6, 6, 20/7 | 電影文化中心會址"
Y,,本地回收木材Bongo Cajon木箱鼓工作坊,12. 整下野,cahk1968,"23/6, 30/6",9:30-12:30pm / 3-6pm,CC Guitar Studio,,"【本地回收木材Bongo Cajon木箱鼓工作坊】 @cahk1968 | 23/6, 30/6 | CC Guitar Studio"
Y,,filmclub23 TAKE 1 / 孤獨練習,01. 與書相遇,jisaam.books,"17/6, 24/6, 1/7",7:30-9pm,貳叄書房油麻地店,,"【filmclub23 TAKE 1 / 孤獨練習】 @jisaam.books | 17/6, 24/6, 1/7 | 貳叄書房油麻地店"
Y,,6月繪本專題zoom課程——繪本可以講道理嗎？,01. 與書相遇,roomforlife2020,24/6,8-10pm,online,,【6月繪本專題zoom課程——繪本可以講道理嗎？】 @roomforlife2020 | 24/6 | online
Y,,JUNE Book Club Meetup,01. 與書相遇,hongkongreaders,24/6,7pm,Delaneys TST,,【JUNE Book Club Meetup】 @hongkongreaders | 24/6 | Delaneys TST
Y,,哲學生活課程：《藝術賞析》,07. 藝術野,philosophy_n_life,24/6-22/7,8-10pm,online,,【哲學生活課程：《藝術賞析》】 @philosophy_n_life | 24/6-22/7 | online
Y,,《動物志》 讀書會│陳家富,01. 與書相遇,vwlink.hk,"4, 11, 18, 25/6",7:30-9:30pm,online,,"【《動物志》 讀書會│陳家富】 @vwlink.hk | 4, 11, 18, 25/6 | online"
Y,,自然瑜伽伸展體驗 ,04. 香港人/社區/文化,highrock_stewards,"11, 18, 25/6",10am-12pm,香港神託會靈基營,,"【自然瑜伽伸展體驗 】 @highrock_stewards | 11, 18, 25/6 | 香港神託會靈基營"
Y,, Stone Fitness x 聯和市場嘅 HIIT Night Class,13. 運動下,luenwomarket.hk,"18/6, 25/6",7:15-8:15pm,聯和市場,,"【 Stone Fitness x 聯和市場嘅 HIIT Night Class】 @luenwomarket.hk | 18/6, 25/6 | 聯和市場"
Y,,6月縫補寶車縫班,12. 整下野,intimeofhk,25/6,,AIRSIDE,,【6月縫補寶車縫班】 @intimeofhk | 25/6 | AIRSIDE
Y,,Afro-Japan Fusion Dinner,06. 留在香港 環遊世界,africacenterhk,25/6,5-9pm,Africa Center HK,,【Afro-Japan Fusion Dinner】 @africacenterhk | 25/6 | Africa Center HK
Y,,CDC Workshops: Screentime and early writing; mark making,10. 親子關係,cdchongkong,25/6,12:30-1:30pm,CDC North Point Center,,【CDC Workshops: Screentime and early writing; mark making】 @cdchongkong | 25/6 | CDC North Point Center
Y,,粵難越做：香港廣播劇的興盛和不滅,07. 藝術野,hok6dotcom,25/6,8:30-10:30pm,online,,【粵難越做：香港廣播劇的興盛和不滅】 @hok6dotcom | 25/6 | online
Y,,素行戈壁——線下分享會,06. 留在香港 環遊世界,ben_sir_dr_ben,25/6,6:30-8:30pm,上環德輔道中244至248號東協商業大廈,,【素行戈壁——線下分享會】 @ben_sir_dr_ben | 25/6 | 上環德輔道中244至248號東協商業大廈
Y,,《荔枝窩的信件》解謎遊戲,05. 認識香港,cahk1968,25/6,11am-2pm,荔枝窩村農區,,【《荔枝窩的信件》解謎遊戲】 @cahk1968 | 25/6 | 荔枝窩村農區
Y,,自卑與超越─阿德勒的「勇氣心理學」,01. 與書相遇,philosophy_n_life,"25/6, 2/7",7:30-9:30pm,界限書店,,"【自卑與超越─阿德勒的「勇氣心理學」】 @philosophy_n_life | 25/6, 2/7 | 界限書店"
Y,,桌遊培訓實戰系列課程——走出家庭的鬥獸場,10. 親子關係,empowernext,"25/6, 26/6",6:45-9pm,天道書樓,,"【桌遊培訓實戰系列課程——走出家庭的鬥獸場】 @empowernext | 25/6, 26/6 | 天道書樓"
Y,,AdorableHongKong主題保良局市集,,yansquareheaven,25-26/6,,尖沙咀香港文化中心,,【AdorableHongKong主題保良局市集】 @yansquareheaven | 25-26/6 | 尖沙咀香港文化中心
Y,,「聯和趁墟」週末農墟,,luenwomarket.hk,25-26/6,10am-3:30pm,聯和趁墟,,【「聯和趁墟」週末農墟】 @luenwomarket.hk | 25-26/6 | 聯和趁墟
Y,,《重建共善：現代社羣關係的再想像》讀書會,01. 與書相遇,hk_nomads,"26/3, 26/4, 24/5, 26/6",8-10pm,獵人書店,,"【《重建共善：現代社羣關係的再想像》讀書會】 @hk_nomads | 26/3, 26/4, 24/5, 26/6 | 獵人書店"
Y,,海洋手工皂 x 單身交友工作坊,12. 整下野,breathe.meh,"27/4, 26/5, 26/6",2:30-5pm,鑽石山,,"【海洋手工皂 x 單身交友工作坊】 @breathe.meh | 27/4, 26/5, 26/6 | 鑽石山"
Y,,淺水區 - Jam Session,15. 音樂,fountaindechopin,26/6,8pm,Fountain,,【淺水區 - Jam Session】 @fountaindechopin | 26/6 | Fountain
Y,,Denden Karadeniz 當代舞x霹靂舞工作坊,,freespace_wk,26/6,7:30pm,西九文化區自由空間細盒,,【Denden Karadeniz 當代舞x霹靂舞工作坊】 @freespace_wk | 26/6 | 西九文化區自由空間細盒
Y,,中大餘香：香氣、回憶導賞團,05. 認識香港,worldwander_hk,26/6,2:30-4pm,中大,,【中大餘香：香氣、回憶導賞團】 @worldwander_hk | 26/6 | 中大
Y,,另一種性別 : 雙性人,09. 性別/關係,mindfuljazz,26/6,9-10pm,online,,【另一種性別 : 雙性人】 @mindfuljazz | 26/6 | online
Y,,街坊師傅-神奇潔廁炸彈,12. 整下野,jieyeah1_1,26/6,7:30-8:30pm,太子,,【街坊師傅-神奇潔廁炸彈】 @jieyeah1_1 | 26/6 | 太子
Y,Free,「環島在一起。步捉香港美」創意攝影工作坊,05. 認識香港,warehouseteenageclub,26/6,2-6pm,環島長廊,Snapinsta.app_447787124_438357702279804_9037433608274397577_n_1024,【「環島在一起。步捉香港美」創意攝影工作坊】 @warehouseteenageclub | 26/6 | 環島長廊
Y,,未園湖濱的感官世界：中大餘香導賞團,05. 認識香港,worldwander_hk,26/6,2:30-4pm,中大,,【未園湖濱的感官世界：中大餘香導賞團】 @worldwander_hk | 26/6 | 中大
Y,,六月棟篤笑Open mic——離譜喜劇 - 開放麥 (普通話) @leapcomedyhk,15. 音樂,hkc_comedy,26/6,8-9:30pm,The Aftermath 中環雲咸街57-59號低層地舖,,【六月棟篤笑Open mic——離譜喜劇 - 開放麥 (普通話) @leapcomedyhk】 @hkc_comedy | 26/6 | The Aftermath 中環雲咸街57-59號低層地舖
Y,,論壇——從哪裡談起？香港女同志的身份、連結與需要,09. 性別/關係,society.of.truelight,26/6,7:30-9pm,佐敦法國文化協會  (佐敦道 52 號),,【論壇——從哪裡談起？香港女同志的身份、連結與需要】 @society.of.truelight | 26/6 | 佐敦法國文化協會  (佐敦道 52 號)
Y,,Shakespeare Thribute Night: An Evening with the Bard,01. 與書相遇,jasleepoet,26/6,8pm,"3/F, Won Hing Building, 74-78 Stanley Street",,"【Shakespeare Thribute Night: An Evening with the Bard】 @jasleepoet | 26/6 | 3/F, Won Hing Building, 74-78 Stanley Street"
Y,,《她把小孩高舉過群盲朝著腳步聲方向前行》作品分享,07. 藝術野,ray___tlh,"26, 27, 29, 30/6",8pm,賽馬會創意藝術中心JCCAC 7樓12B，Room712,,"【《她把小孩高舉過群盲朝著腳步聲方向前行》作品分享】 @ray___tlh | 26, 27, 29, 30/6 | 賽馬會創意藝術中心JCCAC 7樓12B，Room712"
Y,,《活・埋》沙畫工作坊,11. 身心靈,breathingroom.hk,"26/6, 3/7",7:30-9pm,Breathing Room,,"【《活・埋》沙畫工作坊】 @breathingroom.hk | 26/6, 3/7 | Breathing Room"
Y,,建造綠色工作坊 - 墊上塑形普拉提,13. 運動下,cic.zcphk,"5/6, 26/6",7-8pm,建造業零碳天地,,"【建造綠色工作坊 - 墊上塑形普拉提】 @cic.zcphk | 5/6, 26/6 | 建造業零碳天地"
Y,,2D手繪動畫工作坊 ,07. 藝術野,filmculturecentre_hk,26/6-28/8,7-10pm,電影文化中心(香港) 會址,,【2D手繪動畫工作坊 】 @filmculturecentre_hk | 26/6-28/8 | 電影文化中心(香港) 會址
Y,,思那不可能：一個後現代神學概覽 │陳家富,11. 身心靈,vwlink.hk,"30/5, 6/6, 13/6, 20/6, 27/6, 4.7",7:30-9:30pm,online,,"【思那不可能：一個後現代神學概覽 │陳家富】 @vwlink.hk | 30/5, 6/6, 13/6, 20/6, 27/6, 4.7 | online"
Y,,健吓班囡囡,11. 身心靈,yot_youthspace,"20/6, 27/6, 4/7, 11/7, 18/7, 25/7, 1/8, 8/8",7:30-9:30pm,青年夢工場 YOUTH SPACE,,"【健吓班囡囡】 @yot_youthspace | 20/6, 27/6, 4/7, 11/7, 18/7, 25/7, 1/8, 8/8 | 青年夢工場 YOUTH SPACE"
Y,,來！和大自然交友 - 森林療癒小組,08. 環保與大自然,highrock_stewards,"20/6, 27/6, 11/7, 18/7",10am-12pm,香港神託會靈基營,,"【來！和大自然交友 - 森林療癒小組】 @highrock_stewards | 20/6, 27/6, 11/7, 18/7 | 香港神託會靈基營"
Y,,【區區有得唞】- 讓疲累的心歇一會的共修小聚,11. 身心靈,pause_breathe,27/6,7:30-8:45pm,灣仔/深水埗,,【【區區有得唞】- 讓疲累的心歇一會的共修小聚】 @pause_breathe | 27/6 | 灣仔/深水埗
Y,,靜觀律動工作坊,11. 身心靈,quarryside.hk,27/6,2:30-4:30pm,舍區 Quarryside,,【靜觀律動工作坊】 @quarryside.hk | 27/6 | 舍區 Quarryside
Y,,受壓迫者劇場： 解放與壓迫,07. 藝術野,book.punch,27/6,7:30-10pm,旺角,,【受壓迫者劇場： 解放與壓迫】 @book.punch | 27/6 | 旺角
Y,Free,破 ── 一人一故事劇場演出,07. 藝術野,hunter.bookstore,27/6,8pm,獵人書店,Snapinsta.app_448494629_489315940103551_2288902489323873974_n_1024,【破 ── 一人一故事劇場演出】 @hunter.bookstore | 27/6 | 獵人書店
Y,,【區區有得唞】- 讓疲累的心歇一會的共修小聚,11. 身心靈,pause_breathe,27/6,7:30-8:45pm,灣仔/深水埗,,【【區區有得唞】- 讓疲累的心歇一會的共修小聚】 @pause_breathe | 27/6 | 灣仔/深水埗
Y,Free,與多元公平共融對話 - 醫護人員及學生系列,09. 性別/關係,quarkshk,"27/6, 28/6",8-10:30pm,尖沙咀赫德道 8A 號 Mondrian Hong Kong 一樓,Snapinsta.app_447515103_18011017412426352_6570156823611853693_n_1024,"【與多元公平共融對話 - 醫護人員及學生系列】 @quarkshk | 27/6, 28/6 | 尖沙咀赫德道 8A 號 Mondrian Hong Kong 一樓"
Y,,夜間生態行,08. 環保與大自然,kfbg.official,"14/6, 28/6, 12/7, 26/7",,嘉道理農場暨植物園,,"【夜間生態行】 @kfbg.official | 14/6, 28/6, 12/7, 26/7 | 嘉道理農場暨植物園"
Y,,個個禮拜玩桌遊,17. 其他,yot_youthspace,"21/6, 28/6, 5/7, 12/7",8-10pm,青年夢工場 YOUTH SPACE,,"【個個禮拜玩桌遊】 @yot_youthspace | 21/6, 28/6, 5/7, 12/7 | 青年夢工場 YOUTH SPACE"
Y,,植物全接觸,08. 環保與大自然,kfbg.official,"21/6, 28/6",,嘉道理農場暨植物園,,"【植物全接觸】 @kfbg.official | 21/6, 28/6 | 嘉道理農場暨植物園"
Y,,【Nomads Trial and Error Vol.3】《重建共善：現代社羣關係的再想像》讀書會,,hk_nomads,28/6,8-10pm,@hunter.bookstore （深水埗）,,【【Nomads Trial and Error Vol.3】《重建共善：現代社羣關係的再想像》讀書會】 @hk_nomads | 28/6 | @hunter.bookstore （深水埗）
Y,,《尚未完場》私人包場,,walk.in.hong.kong,28/6,7:30-9:20pm,百老匯電影中心,,【《尚未完場》私人包場】 @walk.in.hong.kong | 28/6 | 百老匯電影中心
Y,,Ravi Campbell (NY),15. 音樂,fountaindechopin,28/6,8pm,Fountain,,【Ravi Campbell (NY)】 @fountaindechopin | 28/6 | Fountain
Y,,Handpan Workshow x 余地純素晚膳,15. 音樂,panlabhk,28/6,6-10pm,余地,,【Handpan Workshow x 余地純素晚膳】 @panlabhk | 28/6 | 余地
Y,,深「藏」不露：你不知道的青藏高原 by Travella,06. 留在香港 環遊世界,barlemna,28/6,7:30-9pm,Glasshouse Culture Area at Lemna of the alchemist,,【深「藏」不露：你不知道的青藏高原 by Travella】 @barlemna | 28/6 | Glasshouse Culture Area at Lemna of the alchemist
Y,,【大師傳藝·尋古知新系列講座】傳統文化藝術的現代啟示,04. 香港人/社區/文化,chbook.hk,28/6,7:30-9:30pm,香港太空館演講廳,,【【大師傳藝·尋古知新系列講座】傳統文化藝術的現代啟示】 @chbook.hk | 28/6 | 香港太空館演講廳
Y,,元渠環境考察隊「自然大步走」,08. 環保與大自然,yuenlong.river,28/6,2pm/4pm,元朗,,【元渠環境考察隊「自然大步走」】 @yuenlong.river | 28/6 | 元朗
Y,,《過度努力》讀書會,01. 與書相遇,sinceconceptstore,28/6,7:30-9pm,灣仔集成中心UG6號舖SINCE Concept Store,,【《過度努力》讀書會】 @sinceconceptstore | 28/6 | 灣仔集成中心UG6號舖SINCE Concept Store
Y,,余地純素晚膳,08. 環保與大自然,panlabhk,28/6,6-10pm,余地,,【余地純素晚膳】 @panlabhk | 28/6 | 余地
Y,,同志伴侶的未來?了解同志伴侶/配偶相關福利,09. 性別/關係,prideline22175959,28/6,8-9:30pm,油麻地,,【同志伴侶的未來?了解同志伴侶/配偶相關福利】 @prideline22175959 | 28/6 | 油麻地
Y,,六月親子故事屋——改變.由我開始,10. 親子關係,storylife.hk,28/6,8-9:15pm,online,,【六月親子故事屋——改變.由我開始】 @storylife.hk | 28/6 | online
Y,,小讀讀香港詩寫作坊：重寫性別故事,03.詩與詩相關的,littledoodoohk,28/6,8-9:30pm,界限書店,,【小讀讀香港詩寫作坊：重寫性別故事】 @littledoodoohk | 28/6 | 界限書店
Y,Free,網上對談「來回神話與現實之間：祖母綠在亞洲」,07. 藝術野,lecoleasiapacific,28/6,7pm,online,Snapinsta.app_448334409_1219347752381389_3040365303663846135_n_1024,
Y,,APAC 原豆朱古力市集,16. 市集,pmqtastelibrary,28/6-1/7,,PMQ 味道圖書館 Taste Library,,【APAC 原豆朱古力市集】 @pmqtastelibrary | 28/6-1/7 | PMQ 味道圖書館 Taste Library
Y,,藝術治療工作坊,11. 身心靈,arttherapyhk,"28/6, 29/6",7-8pm,online,,"【藝術治療工作坊】 @arttherapyhk | 28/6, 29/6 | online"
Y,,桌遊培訓實戰系列課程——從桌遊中找出不同主題解說技巧,17. 其他,empowernext,"28/6, 5, 12/7",6:45-9pm,天道書樓,,"【桌遊培訓實戰系列課程——從桌遊中找出不同主題解說技巧】 @empowernext | 28/6, 5, 12/7 | 天道書樓"
Y,,小書齋公開課程（一）——東亞佛教藝術初探,07. 藝術野,sslifeofthedays,28/6-23/8,7:30-9:30pm,小書齋,,【小書齋公開課程（一）——東亞佛教藝術初探】 @sslifeofthedays | 28/6-23/8 | 小書齋
Y,,RETRO FEST 3.0丨復古二手市集,16. 市集,freetureconcept,28-30/6,1:30-7:30pm,旺角上海街618號,,【RETRO FEST 3.0丨復古二手市集】 @freetureconcept | 28-30/6 | 旺角上海街618號
Y,,我港X街坊帶路：彩虹邨散步概念遊,05. 認識香港,kongcept852,"8/6, 15/6, 29/6",4-6pm,彩虹邨,,"【我港X街坊帶路：彩虹邨散步概念遊】 @kongcept852 | 8/6, 15/6, 29/6 | 彩虹邨"
Y,,兒童繪畫工作坊,10. 親子關係,truth.light.hk,"15/6, 29/6, 13/7",3-5pm,學基浸信會/中華宣道會長沙灣福盛堂/基督教香港信義會福樂堂,,"【兒童繪畫工作坊】 @truth.light.hk | 15/6, 29/6, 13/7 | 學基浸信會/中華宣道會長沙灣福盛堂/基督教香港信義會福樂堂"
Y,,【接棒未來】展覽第一部分：「過界」公眾導賞團,07. 藝術野,designspectrum.hk,"15/6, 29/6",,荔枝角長義街9號D2 Place一期7樓A室,,"【【接棒未來】展覽第一部分：「過界」公眾導賞團】 @designspectrum.hk | 15/6, 29/6 | 荔枝角長義街9號D2 Place一期7樓A室"
Y,,文藝字母湯 ——你不可不知道的藝術史！,07. 藝術野,jisaam.books,"15/6, 29/6, 6/7",8-9:30pm,貳叄書房(油麻地),,"【文藝字母湯 ——你不可不知道的藝術史！】 @jisaam.books | 15/6, 29/6, 6/7 | 貳叄書房(油麻地)"
Y,,荔枝窩農樂節 - 農地生態攝影開放日,08. 環保與大自然,cahk1968,"1/6, 15/6, 18/6, 29/6, 1/7",11am-12:30pm / 1:30-3pm,荔枝窩村農區,,"【荔枝窩農樂節 - 農地生態攝影開放日】 @cahk1968 | 1/6, 15/6, 18/6, 29/6, 1/7 | 荔枝窩村農區"
Y,,Beyond Music Night,,buskwithsax,29/6,8-10pm,cloud 9 music (屯門匯賢一號18樓15室),,【Beyond Music Night】 @buskwithsax | 29/6 | cloud 9 music (屯門匯賢一號18樓15室)
Y,,建造綠色工作坊 – 木工藍牙揚聲器,12. 整下野,cic.zcphk,29/6,2-5pm,建造業零碳天地,,【建造綠色工作坊 – 木工藍牙揚聲器】 @cic.zcphk | 29/6 | 建造業零碳天地
Y,,西式烘培廚房：食物模型工作坊,12. 整下野,ada_hongkong,29/6,2-4pm,賽馬會共融藝術工房,,【西式烘培廚房：食物模型工作坊】 @ada_hongkong | 29/6 | 賽馬會共融藝術工房
Y,,殘疾藝術駐留：身體感知工作坊,07. 藝術野,art_is_land,29/6,1:30-3:30pm,香港逸東酒店,,【殘疾藝術駐留：身體感知工作坊】 @art_is_land | 29/6 | 香港逸東酒店
Y,,Busking @ HBL,15. 音樂,hbl60516015,29/6,7-9pm,Head Boys’ Lounge,,【Busking @ HBL】 @hbl60516015 | 29/6 | Head Boys’ Lounge
Y,,Queer Reads Friends Market,09. 性別/關係,queer_reads_library,29/6,1-7pm,1/F @eaton.hk,,【Queer Reads Friends Market】 @queer_reads_library | 29/6 | 1/F @eaton.hk
Y,,非洲文化體驗工作坊——東加籃子編織,06. 留在香港 環遊世界,lecpamacau,29/6,2-3pm,本穴 Native Cave,,【非洲文化體驗工作坊——東加籃子編織】 @lecpamacau | 29/6 | 本穴 Native Cave
Y,,非洲文化體驗工作坊——品嚐埃塞俄比亞咖啡、介紹對黑人的文化挪用和禁忌,06. 留在香港 環遊世界,lecpamacau,29/6,3:30-4:30pm,本穴 Native Cave,,【非洲文化體驗工作坊——品嚐埃塞俄比亞咖啡、介紹對黑人的文化挪用和禁忌】 @lecpamacau | 29/6 | 本穴 Native Cave
Y,,非洲文化體驗工作坊——非洲音樂體驗工作坊,06. 留在香港 環遊世界,lecpamacau,29/6,5-6pm,本穴 Native Cave,,【非洲文化體驗工作坊——非洲音樂體驗工作坊】 @lecpamacau | 29/6 | 本穴 Native Cave
Y,,綢衣人偶紥作手藝工作坊,12. 整下野,luenwomarket.hk,29/6,2-6pm,聯和趁墟,,【綢衣人偶紥作手藝工作坊】 @luenwomarket.hk | 29/6 | 聯和趁墟
Y,,《遊樂人間》 — 唐書堯木笛音樂會,15. 音樂,tongsheeyiu,29/6,4pm / 7:30pm,鰂魚涌英皇道 1001 號 22 樓全層 (君匠音樂),,【《遊樂人間》 — 唐書堯木笛音樂會】 @tongsheeyiu | 29/6 | 鰂魚涌英皇道 1001 號 22 樓全層 (君匠音樂)
Y,,一本讀書會×香港中和出版 讀職場：十年四季——給職場新鮮人的閱讀建議,01. 與書相遇,sinounitedpublishing,29/6,3:30-5pm,三聯書店灣仔文化生活薈 3 樓 afterword lounge 專注空間,,【一本讀書會×香港中和出版 讀職場：十年四季——給職場新鮮人的閱讀建議】 @sinounitedpublishing | 29/6 | 三聯書店灣仔文化生活薈 3 樓 afterword lounge 專注空間
Y,,香港文學雜誌看香港文學 Vol.2《Sample樣本》,01. 與書相遇,abc.abookclub,29/6,2:30-4pm,閱讀俱樂部,,【香港文學雜誌看香港文學 Vol.2《Sample樣本》】 @abc.abookclub | 29/6 | 閱讀俱樂部
Y,,「城市文學散步」#6——天橋上看風的形狀,05. 認識香港,diaspora_explorer,29/6,2:30-4:40pm,維城文化辦公室,,【「城市文學散步」#6——天橋上看風的形狀】 @diaspora_explorer | 29/6 | 維城文化辦公室
Y,,Kenyan Night,06. 留在香港 環遊世界,africacenterhk,29/6,5:30-8:30pm,Africa Center HK,,【Kenyan Night】 @africacenterhk | 29/6 | Africa Center HK
Y,,Sparkle首場小型音樂會,15. 音樂,sparklemusic.hk,29/6,8pm,觀塘海濱道 133 號萬兆豐中心 10 樓 E 室,,【Sparkle首場小型音樂會】 @sparklemusic.hk | 29/6 | 觀塘海濱道 133 號萬兆豐中心 10 樓 E 室
Y,,琴拳動靜唯一意,13. 運動下,cahk1968,29/6,2:30-4:30pm,賽馬會 - ⾧春社綠滿林廊,,【琴拳動靜唯一意】 @cahk1968 | 29/6 | 賽馬會 - ⾧春社綠滿林廊
Y,,跨性別青少年支援研討會,09. 性別/關係,gender.empowerment.hk,29/6,2:30-4:30pm,香港逸東酒店 1/F Kino Lounge,,【跨性別青少年支援研討會】 @gender.empowerment.hk | 29/6 | 香港逸東酒店 1/F Kino Lounge
Y,,「未知死，焉知生？」生死教育之行,11. 身心靈,skylab.bgca,29/6,1:45-4pm,葵涌火葬場,,【「未知死，焉知生？」生死教育之行】 @skylab.bgca | 29/6 | 葵涌火葬場
Y,,「暮齡自在」舞蹈教育計劃——跨代社區展演 / 工作坊成果展覽,07. 藝術野,pod_jc_elderlydance,29/6,,AIRSIDE 1/F,,【「暮齡自在」舞蹈教育計劃——跨代社區展演 / 工作坊成果展覽】 @pod_jc_elderlydance | 29/6 | AIRSIDE 1/F
Y,,客家糯米糍 谷埔客廳 工作坊,04. 香港人/社區/文化,kukpo.vision,29/6,11am-12pm,谷埔客廳,,【客家糯米糍 谷埔客廳 工作坊】 @kukpo.vision | 29/6 | 谷埔客廳
Y,,矛盾與想像之城——《將軍澳，可以這麼說》新書分享會,01. 與書相遇,boundary.bookstore,29/6,3-4:30pm,界限書店,,【矛盾與想像之城——《將軍澳，可以這麼說》新書分享會】 @boundary.bookstore | 29/6 | 界限書店
Y,,藝術速畫工作坊,07. 藝術野,urbanroom.social,29/6,2-3:30pm / 4:5:30pm,Urban Room 城舍,,【藝術速畫工作坊】 @urbanroom.social | 29/6 | Urban Room 城舍
Y,,頌缽淨化身心靈 X 咖啡工作坊,11. 身心靈,blackmoon_salon,29/6,10:30am-12:30pm,大坑新村街16號2樓,,【頌缽淨化身心靈 X 咖啡工作坊】 @blackmoon_salon | 29/6 | 大坑新村街16號2樓
Y,Free,《我的聾人爸爸》放映分享會,07. 藝術野,brainfoodhksl,29/6,7:30-8:30pm,石硤尾賽馬會創意藝術中心 L205-208 E室,Snapinsta.app_448353956_987468440051484_8902701342486615082_n_1080,【《我的聾人爸爸》放映分享會】 @brainfoodhksl | 29/6 | 石硤尾賽馬會創意藝術中心 L205-208 E室
Y,,藝術谷埔：夏季預展開幕——沈君怡,07. 藝術野,kukpo.vision,29/6,1:30-3:30pm,谷埔啟才學校廣場,,【藝術谷埔：夏季預展開幕——沈君怡】 @kukpo.vision | 29/6 | 谷埔啟才學校廣場
Y,,茶染＋茶藝工作坊 (公眾班),04. 香港人/社區/文化,halfcupsquat,29/6,11am-1pm,半杯寮,,【茶染＋茶藝工作坊 (公眾班)】 @halfcupsquat | 29/6 | 半杯寮
Y,,拓片製作工作坊,12. 整下野,art_tools_selling,29/6,3-5pm,葵芳本土文房,,【拓片製作工作坊】 @art_tools_selling | 29/6 | 葵芳本土文房
Y,,6月「約好修復日」主題：喺屋企唔好講性／別？,09. 性別/關係,intimeofhk,29/6,12-6pm,AIRSIDE Shop 113約好村莊,,【6月「約好修復日」主題：喺屋企唔好講性／別？】 @intimeofhk | 29/6 | AIRSIDE Shop 113約好村莊
Y,,港人走進台灣青島東路：攝影記者分享,06. 留在香港 環遊世界,hans.bookstorehk,29/6,8:30-10:30pm,留下書舍,,【港人走進台灣青島東路：攝影記者分享】 @hans.bookstorehk | 29/6 | 留下書舍
Y,Free,緬甸文化餐桌,06. 留在香港 環遊世界,a_few_moments.kamtin,29/6,2:30-5:00pm,<一間> 錦田公路119A,Snapinsta.app_447980841_2122532994812295_6930287144876116307_n_1024,
Y,Free,免費零基礎結他班,17. 其他,dfeetspace,"29/6, 6/7, 13/7, 20/7",4-6pm,釣腳青少年空間,Snapinsta.app_448622584_964585555370244_8733674449955911771_n_1024,"【免費零基礎結他班】 @dfeetspace | 29/6, 6/7, 13/7, 20/7 | 釣腳青少年空間"
Y,,頌缽療癒師證書課程,11. 身心靈,island_within,"29/6, 30/6",,,,"【頌缽療癒師證書課程】 @island_within | 29/6, 30/6 | "
Y,Free,詩斧活動《既濟始終未濟 Starting at the End》,03.詩與詩相關的,see_through_poetry,"29/6, 30/6",7pm,詩斧實體店,Snapinsta.app_448747608_17901913947005173_2646064759510222819_n_1024,"【詩斧活動《既濟始終未濟 Starting at the End》】 @see_through_poetry | 29/6, 30/6 | 詩斧實體店"
Y,,自然保育學習營,08. 環保與大自然,gracecamp35,29-30/6,,鞍山探索館、鹿巢山植林區,,【自然保育學習營】 @gracecamp35 | 29-30/6 | 鞍山探索館、鹿巢山植林區
Y,,元渠環境考察隊「城市漫步遊」,08. 環保與大自然,yuenlong.river,"29/6, 6/7",2pm/4pm,元朗,,"【元渠環境考察隊「城市漫步遊」】 @yuenlong.river | 29/6, 6/7 | 元朗"
Y,,如果「身活」體驗節,11. 身心靈,performance_art_furnace_hk,29/6-1/7,,灣仔富德樓,,【如果「身活」體驗節】 @performance_art_furnace_hk | 29/6-1/7 | 灣仔富德樓
Y,,文學therapy 特別篇：故事重訓,01. 與書相遇,jisaam.books,"29/6, 13/7",6-10pm,貳叄書房(中環),,"【文學therapy 特別篇：故事重訓】 @jisaam.books | 29/6, 13/7 | 貳叄書房(中環)"
Y,,「同慶非遺」藝術市集,16. 市集,ichplus_org,29/6-1/7,10am-7pm,饒宗頤文化館,,【「同慶非遺」藝術市集】 @ichplus_org | 29/6-1/7 | 饒宗頤文化館
Y,,山長水遠餵蚊 ——《夏至藝物農墟》,16. 市集,koonmanspace,29-30/6,,,,【山長水遠餵蚊 ——《夏至藝物農墟》】 @koonmanspace | 29-30/6 | 
Y,,扭蛋市集2.0,16. 市集,lifemarthk,29/6-1/7,1-8pm,D2 Place ONE 2/F The Space,,【扭蛋市集2.0】 @lifemarthk | 29/6-1/7 | D2 Place ONE 2/F The Space
Y,,白天．小憩片刻小組,11. 身心靈,highrock_stewards,"29/6, 13/7, 20/7, 27/7",10am-12pm,香港神託會靈基營,,"【白天．小憩片刻小組】 @highrock_stewards | 29/6, 13/7, 20/7, 27/7 | 香港神託會靈基營"
Y,,SOHO MARKET x 聯和趁墟 聯和熱鬧墟市,16. 市集,luenwomarket.hk,29-30/6,11:30am-7:30pm,「聯和趁墟」— 菜市集區,,【SOHO MARKET x 聯和趁墟 聯和熱鬧墟市】 @luenwomarket.hk | 29-30/6 | 「聯和趁墟」— 菜市集區
Y,,植物印染課程,12. 整下野,highrock_stewards,29-30/6,11am-4pm,香港神託會靈基營,,【植物印染課程】 @highrock_stewards | 29-30/6 | 香港神託會靈基營
Y,,爵士舞伸展運動班,13. 運動下,stonehousescafe,29/6-10/8,11:15am-12:45pm,,,【爵士舞伸展運動班】 @stonehousescafe | 29/6-10/8 | 
Y,,香港賽馬會「暮齡自在」舞蹈教育計劃 - 「尋藝空間2024」,,pod_jc_elderlydance,"18/5, 29/6",,Airside,,"【香港賽馬會「暮齡自在」舞蹈教育計劃 - 「尋藝空間2024」】 @pod_jc_elderlydance | 18/5, 29/6 | Airside"
Y,,本地回收木材Bongo Cajon木箱鼓工作坊,12. 整下野,cahk1968,"9/6, 30/6",9:30-12:30pm / 3-6pm,CC Guitar Studio,,"【本地回收木材Bongo Cajon木箱鼓工作坊】 @cahk1968 | 9/6, 30/6 | CC Guitar Studio"
Y,,爵士樂102：從傳奇人第認識爵士樂,15. 音樂,fountaindechopin,30/6,8pm,Fountain,,【爵士樂102：從傳奇人第認識爵士樂】 @fountaindechopin | 30/6 | Fountain
Y,,【2024年「與作家會面」系列︰文學旅人】《成為寫作人的旅程︰書寫與出版》,,hong_kong_central_library,30/6,2:30-4pm,屏山天水圍公共圖書館,,【【2024年「與作家會面」系列︰文學旅人】《成為寫作人的旅程︰書寫與出版》】 @hong_kong_central_library | 30/6 | 屏山天水圍公共圖書館
Y,,暑期本地深度遊：蜂．漬．行,,icommonhk,30/6,2-6:30pm,粉嶺嶺皮村 素園蜂場,,【暑期本地深度遊：蜂．漬．行】 @icommonhk | 30/6 | 粉嶺嶺皮村 素園蜂場
Y,,峽谷溪降體驗活動,,wildadventureworld_hk,30/6,10am-4pm,粉嶺屏南石澗,,【峽谷溪降體驗活動】 @wildadventureworld_hk | 30/6 | 粉嶺屏南石澗
Y,,6月清潔行動——南丫島蘆鬚城,08. 環保與大自然,naturerescuehk,30/6,10am,南丫島蘆鬚城,,【6月清潔行動——南丫島蘆鬚城】 @naturerescuehk | 30/6 | 南丫島蘆鬚城
Y,,午後靜謐——靜心練習X 四肢按摩X 護理產品製作,11. 身心靈,dhlaromahk,30/6,2-7pm,,,【午後靜謐——靜心練習X 四肢按摩X 護理產品製作】 @dhlaromahk | 30/6 | 
Y,Free,創作會「之間」,01. 與書相遇,delis.ver,30/6,8:30pm,online,Snapinsta.app_446996950_883602387119962_8825186352181829823_n_1024,【創作會「之間」】 @delis.ver | 30/6 | online
Y,,香蕉奶工作坊 by 貓工房,17. 其他,barlemna,30/6,3-6:30pm,Glasshouse Culture Area at Lemna of the alchemist,,【香蕉奶工作坊 by 貓工房】 @barlemna | 30/6 | Glasshouse Culture Area at Lemna of the alchemist
Y,,時令攝影人 —— 川龍菜：味道與攝影的各種可能,07. 藝術野,koonmanspace,30/6,11am-1pm,貫文空間 Koon Man Space,,【時令攝影人 —— 川龍菜：味道與攝影的各種可能】 @koonmanspace | 30/6 | 貫文空間 Koon Man Space
Y,,性/別小眾「遺囑草擬工作坊」,09. 性別/關係,walk.alongside,30/6,2-3:30pm / 4-5:30pm,油麻地彌敦道 380 號逸東酒店 1 樓,,【性/別小眾「遺囑草擬工作坊」】 @walk.alongside | 30/6 | 油麻地彌敦道 380 號逸東酒店 1 樓
Y,,《走肉尋味——蔬食旅人之台北漫吃散策記》分享會,01. 與書相遇,gezi_workstation,30/6,5-6pm,誠品銅鑼灣,,【《走肉尋味——蔬食旅人之台北漫吃散策記》分享會】 @gezi_workstation | 30/6 | 誠品銅鑼灣
Y,,《香港品牌博物館——豆品的故事》作者分享會,10. 親子關係,gezi_workstation,30/6,3-4pm,誠品銅鑼灣,,【《香港品牌博物館——豆品的故事》作者分享會】 @gezi_workstation | 30/6 | 誠品銅鑼灣
Y,,穿沙走石：長沙灣、石硤尾舊區Photo walk,05. 認識香港,hk.travella,30/6,4:30-7pm,長沙灣、石硤尾,,【穿沙走石：長沙灣、石硤尾舊區Photo walk】 @hk.travella | 30/6 | 長沙灣、石硤尾
Y,,香港紅卍字會大樓導賞,05. 認識香港,hideandseektour,30/6,10am-12pm / 2-4pm,紅卍字會大樓,,【香港紅卍字會大樓導賞】 @hideandseektour | 30/6 | 紅卍字會大樓
Y,,建造業零碳天地 x AIRSIDE暢遊九龍綠建Green Construction Tour,05. 認識香港,cic.zcphk,30/6,2-5pm,建造業零碳天地/AIRSIDE,,【建造業零碳天地 x AIRSIDE暢遊九龍綠建Green Construction Tour】 @cic.zcphk | 30/6 | 建造業零碳天地/AIRSIDE
Y,,一人一故事劇場社區演出《偶說事》,07. 藝術野,tpjourney2022,30/6,4-5pm,解憂舊書店,,【一人一故事劇場社區演出《偶說事》】 @tpjourney2022 | 30/6 | 解憂舊書店
Y,,「香港尋蹤︰軍事遺蹟」公眾講座,04. 香港人/社區/文化,clpulsehk,30/6,2:30-4pm,,,【「香港尋蹤︰軍事遺蹟」公眾講座】 @clpulsehk | 30/6 | 
Y,,靈修服務一週年分享會加小party,11. 身心靈,inward_little_spring,30/6,,,,【靈修服務一週年分享會加小party】 @inward_little_spring | 30/6 | 
Y,,死灰，抑或復燃：《觀火》新書分享會,01. 與書相遇,boundary.bookstore,30/6,8-9:30pm,界限書店,,【死灰，抑或復燃：《觀火》新書分享會】 @boundary.bookstore | 30/6 | 界限書店
Y,,性/別沙龍——BL文化與主流的距離 ,09. 性別/關係,onebookhalf_genderspace,30/6,2-4pm,一坪半 性別空間,,【性/別沙龍——BL文化與主流的距離 】 @onebookhalf_genderspace | 30/6 | 一坪半 性別空間
Y,,性/別沙龍——LGBTQ+圈的大迷思,09. 性別/關係,onebookhalf_genderspace,30/6,5-7pm,一坪半 性別空間,,【性/別沙龍——LGBTQ+圈的大迷思】 @onebookhalf_genderspace | 30/6 | 一坪半 性別空間
Y,,《敢夢人生》 映後分享會,07. 藝術野,hkunhcr,30/6,2:45-3:30pm,油麻地眾坊街3號 百老匯電影中心二樓,,【《敢夢人生》 映後分享會】 @hkunhcr | 30/6 | 油麻地眾坊街3號 百老匯電影中心二樓
Y,,山屋分享會——日本山屋文化體驗分享,06. 留在香港 環遊世界,gracecamp35,30/6,2-4pm,鞍山探索館,,【山屋分享會——日本山屋文化體驗分享】 @gracecamp35 | 30/6 | 鞍山探索館
Y,Free,Community beach cleanups,08. 環保與大自然,hkcleanup,30/6,10am-12pm,Silverstrand,Snapinsta.app_447242641_1413776542675778_2664176899270868791_n_1080,【Community beach cleanups】 @hkcleanup | 30/6 | Silverstrand
Y,Free,「情感幾何」展覽策展人導賞,07. 藝術野,1a_space,30/6,4pm,1a 空間 牛棚藝術村 14 號,Snapinsta.app_416233490_776425541176336_3666291738739603660_n_1024,【「情感幾何」展覽策展人導賞】 @1a_space | 30/6 | 1a 空間 牛棚藝術村 14 號
Y,Free,全職學生心理支援體驗計劃,11. 身心靈,yrrelationshipclinic,30/6截止報名,,,Snapinsta.app_416026859_337088269092897_705199471859250496_n_1080,【全職學生心理支援體驗計劃】 @yrrelationshipclinic | 30/6截止報名 | 
Y,,一起畫歷史建築繪本團,05. 認識香港,excohk,1/7,2:30-7pm,大坑,,【一起畫歷史建築繪本團】 @excohk | 1/7 | 大坑
Y,,Fabric Doll 布藝玩偶班x茶會,12. 整下野,aim121mia,1/7,1-6pm,新蒲崗雙喜街,,【Fabric Doll 布藝玩偶班x茶會】 @aim121mia | 1/7 | 新蒲崗雙喜街
Y,,禪修基礎訓練,11. 身心靈,mindful_still_together,1/7-16/9,9:30-10:15pm,online,,【禪修基礎訓練】 @mindful_still_together | 1/7-16/9 | online
Y,,藝術充權教室：我們如何編織我們的環境 ,04. 香港人/社區/文化,cccd_hk,2/7,8-9pm,賽馬會創意藝術中心,,【藝術充權教室：我們如何編織我們的環境 】 @cccd_hk | 2/7 | 賽馬會創意藝術中心
Y,,速學游泳班,13. 運動下,mellowoutzzzz,2/7-6/8,7-8pm,觀塘游泳池,,【速學游泳班】 @mellowoutzzzz | 2/7-6/8 | 觀塘游泳池
Y,,結伴成長計劃 X 兒童身心健康服務 暑期活動 義工招募2024,04. 香港人/社區/文化,bokss_hk,2/7 (deadline),,,,【結伴成長計劃 X 兒童身心健康服務 暑期活動 義工招募2024】 @bokss_hk | 2/7 (deadline) | 
Y,,學識新課程【我都要做廣播劇】,07. 藝術野,hok6dotcom,"2, 9, 16, 23, 30/7, 6, 13/8",8:30-10:30pm,online,,"【學識新課程【我都要做廣播劇】】 @hok6dotcom | 2, 9, 16, 23, 30/7, 6, 13/8 | online"
Y,,助人者培訓工作坊,11. 身心靈,danceless.unlock,"2, 9, 16, 23/7, 13, 20/8, 22, 29/10, 16/17, 19/11",10am-12pm,明愛沙田長者中心,,"【助人者培訓工作坊】 @danceless.unlock | 2, 9, 16, 23/7, 13, 20/8, 22, 29/10, 16/17, 19/11 | 明愛沙田長者中心"
Y,,建造綠色工作坊 –舒展解壓瑜伽,13. 運動下,cic.zcphk,3/7,7-8pm,建造業零碳天地 CIC - Zero Carbon Park,,【建造綠色工作坊 –舒展解壓瑜伽】 @cic.zcphk | 3/7 | 建造業零碳天地 CIC - Zero Carbon Park
Y,,海鳥辨識班,08. 環保與大自然,hkbws1957,"3/7 (理論), 13/7 (導賞)",,,,"【海鳥辨識班】 @hkbws1957 | 3/7 (理論), 13/7 (導賞) | "
Y,,bookclub23: 《三體》劉慈欣,,jisaam.books,4/7,7:30-9pm,貳叄書房(油麻地),,【bookclub23: 《三體》劉慈欣】 @jisaam.books | 4/7 | 貳叄書房(油麻地)
Y,,洪席耶《獲解放的觀眾》網上分享會,01. 與書相遇,knockknockbookstore,4/7,8-10pm,online,,【洪席耶《獲解放的觀眾》網上分享會】 @knockknockbookstore | 4/7 | online
Y,,養生跑基礎必修班,13. 運動下,runners_foods,4-10/7(開班),,,,【養生跑基礎必修班】 @runners_foods | 4-10/7(開班) | 
Y,,「江湖百鍊，俠影千相：金庸小說的多維閱讀」專題講座,01. 與書相遇,readingisjoyful,5/7,7-8:30pm,香港中央圖書館地下演講廳,,【「江湖百鍊，俠影千相：金庸小說的多維閱讀」專題講座】 @readingisjoyful | 5/7 | 香港中央圖書館地下演講廳
Y,,策展人公眾導賞 - 甲辰說龍,04. 香港人/社區/文化,artmuseumcuhk,5/7,1:30-2:30pm,中大文物館 展廳二,,【策展人公眾導賞 - 甲辰說龍】 @artmuseumcuhk | 5/7 | 中大文物館 展廳二
Y,,語言的少數用法：卡夫卡與少數文學,01. 與書相遇,goetheinstitut_hk,5/7,7-8:15pm,香港歌德學院圖書館,,【語言的少數用法：卡夫卡與少數文學】 @goetheinstitut_hk | 5/7 | 香港歌德學院圖書館
Y,,大南書節,02. 好書血拼,upperdeck_tainan,5/7-14/7,,深水埗大南街173號1/F,,【大南書節】 @upperdeck_tainan | 5/7-14/7 | 深水埗大南街173號1/F
Y,,學海書樓人生學問講座《人生到處知何似──詩詞中的人生感悟》,,hong_kong_central_library,6/7,2:30-4pm,香港中央圖書館地下演講廳,,【學海書樓人生學問講座《人生到處知何似──詩詞中的人生感悟》】 @hong_kong_central_library | 6/7 | 香港中央圖書館地下演講廳
Y,,咖啡拉花初級班,,mybook1hk,6/7,11:30am-1pm,商務尖沙咀圖書中心,,【咖啡拉花初級班】 @mybook1hk | 6/7 | 商務尖沙咀圖書中心
Y,, 輕木工體驗工作坊,12. 整下野,jctreeup,6/7,1:30-3pm / 3:15-4:45pm,深水埗美荷樓,,【 輕木工體驗工作坊】 @jctreeup | 6/7 | 深水埗美荷樓
Y,,The Heritage Survival series: Concluding Symposium,04. 香港人/社區/文化,hkicon.hk,6/7,2-6:30pm,The Helena May,,【The Heritage Survival series: Concluding Symposium】 @hkicon.hk | 6/7 | The Helena May
Y,,《好好聆聽，好好說話：做自己的親子調解員 》分享會,10. 親子關係,13bstore,6/7,2:30-4pm,13B Store,,【《好好聆聽，好好說話：做自己的親子調解員 》分享會】 @13bstore | 6/7 | 13B Store
Y,,《向死而生》共感會,11. 身心靈,breathingroom.hk,6/7,2-4pm,Breathing Room,,【《向死而生》共感會】 @breathingroom.hk | 6/7 | Breathing Room
Y,,Round 2：帶你踩單車的姐姐x （闖入）土炮日常醒神食堂！,13. 運動下,sister_treats_you_a_meal,6/7,1:30-6pm,元朗單車匯合中心-龍記單車,,【Round 2：帶你踩單車的姐姐x （闖入）土炮日常醒神食堂！】 @sister_treats_you_a_meal | 6/7 | 元朗單車匯合中心-龍記單車
Y,,「何塘閱識」公眾講座,04. 香港人/社區/文化,clpulsehk,6/7,11am-12:30pm,中電鐘樓文化館二樓活動室,,【「何塘閱識」公眾講座】 @clpulsehk | 6/7 | 中電鐘樓文化館二樓活動室
Y,,城界之間：九龍城寨概念遊,05. 認識香港,kongcept852,6/7,3:30-5:30pm,九龍城一帶,,【城界之間：九龍城寨概念遊】 @kongcept852 | 6/7 | 九龍城一帶
Y,,建造綠色工作坊 – STEAM 黏土旋轉咖啡杯,12. 整下野,cic.zcphk,6/7,2-4pm,建造業零碳天地 CIC - Zero Carbon Park,,【建造綠色工作坊 – STEAM 黏土旋轉咖啡杯】 @cic.zcphk | 6/7 | 建造業零碳天地 CIC - Zero Carbon Park
Y,Free,活意社Work For Life 開放日,04. 香港人/社區/文化,workforlife2023,6/7,3-5pm,觀塘敬業街55號皇廷廣場 29/F J室,Snapinsta.app_447870787_472216112145892_3939617252774117666_n_1080,
Y,,應用劇場處理校園衝突——以行動對抗欺凌工作坊,11. 身心靈,tefohk,6-7/7,10am-5pm,TEFO開放空間 (大埔藝術中心306室),,【應用劇場處理校園衝突——以行動對抗欺凌工作坊】 @tefohk | 6-7/7 | TEFO開放空間 (大埔藝術中心306室)
Y,,Figurecross X Wusoul - 「心”寧”聚會」市集,16. 市集,figurecross.company,6-7/7,1-8pm,D2 Place一期二樓The Space,,【Figurecross X Wusoul - 「心”寧”聚會」市集】 @figurecross.company | 6-7/7 | D2 Place一期二樓The Space
Y,,社區地膽導賞進階培訓,05. 認識香港,kowloon.city.walking.trail,"6/7, 13/7, 27/7, 10/8",,,,"【社區地膽導賞進階培訓】 @kowloon.city.walking.trail | 6/7, 13/7, 27/7, 10/8 | "
Y,,剪紙定格工作坊,10. 親子關係,hk.kiff,"6/7, 7/7, 14/7",,圓方水區1樓,,"【剪紙定格工作坊】 @hk.kiff | 6/7, 7/7, 14/7 | 圓方水區1樓"
Y,,影院小職員工作坊,10. 親子關係,hk.kiff,"6/7, 14/7, 20/7, 27/7, 28/7",,PREMIERE ELEMENTS,,"【影院小職員工作坊】 @hk.kiff | 6/7, 14/7, 20/7, 27/7, 28/7 | PREMIERE ELEMENTS"
Y,,爵士音樂初級入門課程,07. 藝術野,fountaindechopin,6/7 (6週),,Fountain,,【爵士音樂初級入門課程】 @fountaindechopin | 6/7 (6週) | Fountain
Y,,正念恆常共修課,11. 身心靈,mindful_still_together,"6, 13/7, 20, 27/7",4-6pm,灣仔告士打道 169號1樓,,"【正念恆常共修課】 @mindful_still_together | 6, 13/7, 20, 27/7 | 灣仔告士打道 169號1樓"
Y,,NVC初階課程——連繫的起點——假如我們之間再沒有暴力,11. 身心靈,housewithrain,"6/7, 13/7",1-6pm,觀塘課室,,"【NVC初階課程——連繫的起點——假如我們之間再沒有暴力】 @housewithrain | 6/7, 13/7 | 觀塘課室"
Y,,Metroplaza x LOCOLOCO - 周末綠色市集,16. 市集,locoloco_hk,"6, 7, 13, 14/7",12-9pm,新都會廣場 L3 露天廣場,,"【Metroplaza x LOCOLOCO - 周末綠色市集】 @locoloco_hk | 6, 7, 13, 14/7 | 新都會廣場 L3 露天廣場"
Y,Free,「致在空間中變魔法的人們」100個案例庫存展覽及巡禮,04. 香港人/社區/文化,spaceplushk,6-7/7,10am-7pm,大館,Snapinsta.app_445000799_17942904962810377_3955865653907959808_n_1024,【「致在空間中變魔法的人們」100個案例庫存展覽及巡禮】 @spaceplushk | 6-7/7 | 大館
Y,,東亞綠色藝術節,07. 藝術野,hkyaf,6-7/7,,九龍觀塘創紀之城5期東亞銀行中心7樓,,【東亞綠色藝術節】 @hkyaf | 6-7/7 | 九龍觀塘創紀之城5期東亞銀行中心7樓
Y,,手彫紋身工作坊,12. 整下野,lesshunter.tattoo,"6/7, 7/7",2-7pm,余地,,"【手彫紋身工作坊】 @lesshunter.tattoo | 6/7, 7/7 | 余地"
Y,,Summer Market 2024,16. 市集,dreamcatcher_market,"6-7/7, 13-14/7, 27-28/7, 3-4/8, 17-18/8, 31/8, 1/9",12-8pm,"L3, Life@KCC, Kwai Hing",,"【Summer Market 2024】 @dreamcatcher_market | 6-7/7, 13-14/7, 27-28/7, 3-4/8, 17-18/8, 31/8, 1/9 | L3, Life@KCC, Kwai Hing"
Y,,「Photobook Intensive」工作坊,,lumenvisum,6-9/7,10:30am-4:30pm,Lumenvisum,,【「Photobook Intensive」工作坊】 @lumenvisum | 6-9/7 | Lumenvisum
Y,,梅子林復育計劃二期 – 義工計劃,08. 環保與大自然,project.plum.grove,"6/7, 13/7, 20/7, 27/7",9am-4pm,沙頭角梅子林,,"【梅子林復育計劃二期 – 義工計劃】 @project.plum.grove | 6/7, 13/7, 20/7, 27/7 | 沙頭角梅子林"
Y,,【2024年「與作家會面」系列︰文學旅人】《我的雀鳥鄰居》,,hong_kong_central_library,7/7,2:30-4pm,藍田公共圖書館,,【【2024年「與作家會面」系列︰文學旅人】《我的雀鳥鄰居》】 @hong_kong_central_library | 7/7 | 藍田公共圖書館
Y,,bookclub23: 《三體》劉慈欣,,jisaam.books,7/7,2-3:30pm,貳叄書房(中環),,【bookclub23: 《三體》劉慈欣】 @jisaam.books | 7/7 | 貳叄書房(中環)
Y,,生死教育講座——生死兩相安,,pause_breathe,7/7,11am-1pm,亞皆老街86號昌明大廈7字樓Club O活動室,,【生死教育講座——生死兩相安】 @pause_breathe | 7/7 | 亞皆老街86號昌明大廈7字樓Club O活動室
Y,,《隨心●樂寫》寫作體驗工作坊,01. 與書相遇,heartjoy.magicalwriter,7/7,2-5pm,新蒲崗,,【《隨心●樂寫》寫作體驗工作坊】 @heartjoy.magicalwriter | 7/7 | 新蒲崗
Y,,HERE & NOW ONE DAY RETREAT FOR OUR BODY AND HEART,11. 身心靈,y_our_s___,7/7,8:30am-4pm,ZAAPSHARE THE PORTAL 亼舍,,【HERE & NOW ONE DAY RETREAT FOR OUR BODY AND HEART】 @y_our_s___ | 7/7 | ZAAPSHARE THE PORTAL 亼舍
Y,Free,想見你．兼善里,04. 香港人/社區/文化,kimshinlane,7/7,11am-4pm,兼善里,Snapinsta.app_448358497_1815608938925875_4033078118153964171_n_1024,【想見你．兼善里】 @kimshinlane | 7/7 | 兼善里
Y,,我們與「廢」的距離——生態神學的實踐、倡議、對談公開聚會,08. 環保與大自然,waterloop.hk,7/7,2:30-5pm,中國基督教播道會窩打老道山福音堂 禮堂,,【我們與「廢」的距離——生態神學的實踐、倡議、對談公開聚會】 @waterloop.hk | 7/7 | 中國基督教播道會窩打老道山福音堂 禮堂
Y,,7月清潔行動：港島大浪灣,08. 環保與大自然,naturerescuehk,7/7,,港島大浪灣,,【7月清潔行動：港島大浪灣】 @naturerescuehk | 7/7 | 港島大浪灣
Y,,建造綠色工作坊 – 生態桌遊 – 卡斯卡迪亞之旅,08. 環保與大自然,cic.zcphk,7/7,2-4pm,建造業零碳天地 CIC - Zero Carbon Park,,【建造綠色工作坊 – 生態桌遊 – 卡斯卡迪亞之旅】 @cic.zcphk | 7/7 | 建造業零碳天地 CIC - Zero Carbon Park
Y,,暑期日文入門班,17. 其他,oshie.i_japanese,"7, 14, 21, 28/7",10am-12pm,九龍灣健力工業大廈,,"【暑期日文入門班】 @oshie.i_japanese | 7, 14, 21, 28/7 | 九龍灣健力工業大廈"
Y,,戲曲入門：推開戲曲大觀園,07. 藝術野,hok6dotcom,"7, 14, 21/7, 27/7, 3, 11/8",8-10pm,online,,"【戲曲入門：推開戲曲大觀園】 @hok6dotcom | 7, 14, 21/7, 27/7, 3, 11/8 | online"
Y,,社區訪談工作坊,04. 香港人/社區/文化,halfcupsquat,"7, 14, 21, 28/7, 4, 11/8",11am-1pm,半杯寮,,"【社區訪談工作坊】 @halfcupsquat | 7, 14, 21, 28/7, 4, 11/8 | 半杯寮"
Y,,NVC感受需要卡-初階-聆聽篇,11. 身心靈,housewithrain,"7/7, 21/7",1:30-6pm,覺本,,"【NVC感受需要卡-初階-聆聽篇】 @housewithrain | 7/7, 21/7 | 覺本"
Y,,filmclub23 TAKE 2 / 天使來過人間——《螢火蟲之墓》高畑勳 編導（1988）/《螢火蟲之墓》野坂昭如 著（1967）,01. 與書相遇,jisaam.books,8/7,7:30-9pm,貳叄書房(油麻地),,【filmclub23 TAKE 2 / 天使來過人間——《螢火蟲之墓》高畑勳 編導（1988）/《螢火蟲之墓》野坂昭如 著（1967）】 @jisaam.books | 8/7 | 貳叄書房(油麻地)
Y,,藝術充權教室：我在JCCAC 的日子,04. 香港人/社區/文化,cccd_hk,8/7,7:30-9pm,賽馬會創意藝術中心,,【藝術充權教室：我在JCCAC 的日子】 @cccd_hk | 8/7 | 賽馬會創意藝術中心
Y,Free,南亞文化研習小組：南亞運動,06. 留在香港 環遊世界,fredie.hung,8/7,,少數點文化,441359720_765321722403047_1708163004769856949_n,【南亞文化研習小組：南亞運動】 @fredie.hung | 8/7 | 少數點文化
Y,Free,《話說大坑西——「家」的自白與旁白》分享會：尋思我城,05. 認識香港,cogito._hk,8/7,7-8pm,,Snapinsta.app_447682087_814995960204804_69074835484028294_n_1024,【《話說大坑西——「家」的自白與旁白》分享會：尋思我城】 @cogito._hk | 8/7 | 
Y,,青年牧養茶座【從實踐到神學：探索青年新生代．教會新面向】,11. 身心靈,hong_kong_christian_council,9/7,3:15-5:30pm,聖公會諸聖座堂感恩堂,,【青年牧養茶座【從實踐到神學：探索青年新生代．教會新面向】】 @hong_kong_christian_council | 9/7 | 聖公會諸聖座堂感恩堂
Y,,哲學輔導專題︰愛情的哲學,01. 與書相遇,philosophy_n_life,9-30/7,8-10pm,online,,【哲學輔導專題︰愛情的哲學】 @philosophy_n_life | 9-30/7 | online
Y,,宗教講座：略談印度四大宗教,06. 留在香港 環遊世界,hkhinduism,10/7,,葵芳港香堂製香工房,,【宗教講座：略談印度四大宗教】 @hkhinduism | 10/7 | 葵芳港香堂製香工房
Y,Free,《話說大坑西——「家」的自白與旁白》分享會：大坑西新邨社區劇場表演者 — 「框外之民」,05. 認識香港,cogito._hk,10/7,7-8pm,,Snapinsta.app_447682087_814995960204804_69074835484028294_n_1024,【《話說大坑西——「家」的自白與旁白》分享會：大坑西新邨社區劇場表演者 — 「框外之民」】 @cogito._hk | 10/7 | 
Y,,政治哲學入門,01. 與書相遇,philosophy_n_life,10/7-14/8,8-10pm,online,,【政治哲學入門】 @philosophy_n_life | 10/7-14/8 | online
Y,,「五感 x手作」靈命塑造工作坊——加減人生 – 木雕創作,,pausespace.gcf,11/7,7:30-9:30pm,小息空間,,【「五感 x手作」靈命塑造工作坊——加減人生 – 木雕創作】 @pausespace.gcf | 11/7 | 小息空間
Y,,bookclub23: 《故事新編》魯迅,,jisaam.books,11/7,7:30-9pm,貳叄書房(油麻地),,【bookclub23: 《故事新編》魯迅】 @jisaam.books | 11/7 | 貳叄書房(油麻地)
Y,,山屋日出體驗營,10. 親子關係,gracecamp35,"11-12/7, 18-19/7",,馬鞍山,,"【山屋日出體驗營】 @gracecamp35 | 11-12/7, 18-19/7 | 馬鞍山"
Y,,《例外狀態》分享會,01. 與書相遇,knockknockbookstore,12/7,7:30-9:30pm,knock knock 覺閣,,【《例外狀態》分享會】 @knockknockbookstore | 12/7 | knock knock 覺閣
Y,,不一樣的。飯局—性別對話x陌生人x素食,09. 性別/關係,hkaaf38,12/7,7:30-10:30pm,新婦女協進會,,【不一樣的。飯局—性別對話x陌生人x素食】 @hkaaf38 | 12/7 | 新婦女協進會
Y,Free,籽識教育10周年活動,04. 香港人/社區/文化,laviolet_education,12/7,10am-4:30pm,九龍塘達之路78號生產力大樓SME One Foyer,Snapinsta.app_447861824_464468595951684_6141324557341297981_n_1024,【籽識教育10周年活動】 @laviolet_education | 12/7 | 九龍塘達之路78號生產力大樓SME One Foyer
Y,Free,《話說大坑西——「家」的自白與旁白》分享會：大坑西生活學藝人— 居民郭基權先生,05. 認識香港,cogito._hk,"12/7, 13/7",,,Snapinsta.app_447682087_814995960204804_69074835484028294_n_1024,"【《話說大坑西——「家」的自白與旁白》分享會：大坑西生活學藝人— 居民郭基權先生】 @cogito._hk | 12/7, 13/7 | "
Y,,速學游泳班,13. 運動下,mellowoutzzzz,12/7-13/8,7-8pm,觀塘游泳池,,【速學游泳班】 @mellowoutzzzz | 12/7-13/8 | 觀塘游泳池
Y,,全方位野外夜行生態團,08. 環保與大自然,hkbws1957,"12/7, 31/8",7-10pm,龍虎山,,"【全方位野外夜行生態團】 @hkbws1957 | 12/7, 31/8 | 龍虎山"
Y,,SKY LAB! Summer OCamp 2024,17. 其他,skylab.bgca,12-14/7,,賽馬會長洲鮑思高青年中心,,【SKY LAB! Summer OCamp 2024】 @skylab.bgca | 12-14/7 | 賽馬會長洲鮑思高青年中心
Y,,腦舍X獵人書店：香港手語班新手初級一,17. 其他,hunter.bookstore,"12/7, 19/7, 26/7, 2/8, 9/8, 16/8",8-10pm,獵人書店,,"【腦舍X獵人書店：香港手語班新手初級一】 @hunter.bookstore | 12/7, 19/7, 26/7, 2/8, 9/8, 16/8 | 獵人書店"
Y,,《Animal Liberation Now》讀書會,01. 與書相遇,frdofanimal,"15/5, 15/6, 13/7, 10/8, 14/9, 12/10",3:30-5:30pm,余地,,"【《Animal Liberation Now》讀書會】 @frdofanimal | 15/5, 15/6, 13/7, 10/8, 14/9, 12/10 | 余地"
Y,,Travella x 香港城釀：自釀蜂蜜酒 & 釀酒廠導賞團,14. Cheers,hk.travella,"16/6, 13/7, 10/8",3:30-5pm,荃灣西工業區,,"【Travella x 香港城釀：自釀蜂蜜酒 & 釀酒廠導賞團】 @hk.travella | 16/6, 13/7, 10/8 | 荃灣西工業區"
Y,,逆流 末世說 Live in Hong Kong 2024,,tickcats,13/7,7pm,"Kitty Woo Stadium, TungPo",,"【逆流 末世說 Live in Hong Kong 2024】 @tickcats | 13/7 | Kitty Woo Stadium, TungPo"
Y,,旅行一定要去外國？本地遊經驗聊天室,05. 認識香港,hk.travella,13/7,2:30-4pm,太陽系同學會,,【旅行一定要去外國？本地遊經驗聊天室】 @hk.travella | 13/7 | 太陽系同學會
Y,,何東夜生態微觀,08. 環保與大自然,hokoon101,13/7,7-9pm,上水古洞嗇色園何東夫人醫局生態研習中心,,【何東夜生態微觀】 @hokoon101 | 13/7 | 上水古洞嗇色園何東夫人醫局生態研習中心
Y,,《種棵樹》繪本會,11. 身心靈,breathingroom.hk,13/7,2-4pm,Breathing Room,,【《種棵樹》繪本會】 @breathingroom.hk | 13/7 | Breathing Room
Y,,龍的傳人小竹龍紮作工作坊,04. 香港人/社區/文化,artmuseumcuhk,13/7,12-3pm,中大文物館,,【龍的傳人小竹龍紮作工作坊】 @artmuseumcuhk | 13/7 | 中大文物館
Y,,《種棵樹》繪本會,01. 與書相遇,breathingroom.hk,13/7,2-4pm,Breathing Room,,【《種棵樹》繪本會】 @breathingroom.hk | 13/7 | Breathing Room
Y,,建造綠色工作坊 – Minecraft 智慧城市規劃師,04. 香港人/社區/文化,cic.zcphk,13/7,2:30-4:30pm,建造業零碳天地 CIC - Zero Carbon Park,,【建造綠色工作坊 – Minecraft 智慧城市規劃師】 @cic.zcphk | 13/7 | 建造業零碳天地 CIC - Zero Carbon Park
Y,,Antique Alley Market 懷舊窄巷市集,16. 市集,1001hk_1001hk,"13/7, 14/7",1-8pm,"RM01, 10/F, Hung Tat Industrial Building, 43 Hung To Rd, Kwun Tong",,"【Antique Alley Market 懷舊窄巷市集】 @1001hk_1001hk | 13/7, 14/7 | RM01, 10/F, Hung Tat Industrial Building, 43 Hung To Rd, Kwun Tong"
Y,,綠匯學苑古蹟導賞員計劃,05. 認識香港,kfbg.official,"13, 21, 28/7",,綠匯學苑,,"【綠匯學苑古蹟導賞員計劃】 @kfbg.official | 13, 21, 28/7 | 綠匯學苑"
Y,,夏日果果市集,16. 市集,hanabitribe,"13/7, 14/7, 20/7, 21/7",1-8pm,聯和趁墟- 菜市集位置,,"【夏日果果市集】 @hanabitribe | 13/7, 14/7, 20/7, 21/7 | 聯和趁墟- 菜市集位置"
Y,,夜間生態導賞團——仲夏魚塘漫遊,08. 環保與大自然,hkfishpond,"13/7, 27/7, 17/8",5:15-9:15pm,,,"【夜間生態導賞團——仲夏魚塘漫遊】 @hkfishpond | 13/7, 27/7, 17/8 | "
Y,,bookclub23: 《故事新編》魯迅,,jisaam.books,14/7,2-3:30pm,貳叄書房(中環),,【bookclub23: 《故事新編》魯迅】 @jisaam.books | 14/7 | 貳叄書房(中環)
Y,,「大角咀街頭體操」工作坊,13. 運動下,retaikoktsui,14/7,2-5pm,旺角街坊會陳慶社會服務中心,,【「大角咀街頭體操」工作坊】 @retaikoktsui | 14/7 | 旺角街坊會陳慶社會服務中心
Y,,消災延壽藥師健康法會,11. 身心靈,enlightening_platform,14/7,9am-12pm,荃灣老圍村佛光淨舍,,【消災延壽藥師健康法會】 @enlightening_platform | 14/7 | 荃灣老圍村佛光淨舍
Y,,火苗讀書會123：契訶夫〈洛希爾的提琴〉、〈第六病房〉及其他,01. 與書相遇,flamesdreamers,14/7,2-5pm,theDesk,,【火苗讀書會123：契訶夫〈洛希爾的提琴〉、〈第六病房〉及其他】 @flamesdreamers | 14/7 | theDesk
Y,,自然遊戲 X  Homemade Playdough 親子工作坊,10. 親子關係,highrock_stewards,14/7,10am-4pm,香港神託會靈基營,,【自然遊戲 X  Homemade Playdough 親子工作坊】 @highrock_stewards | 14/7 | 香港神託會靈基營
Y,,歷程戲劇體驗活動｜《高塔之城2.0》,07. 藝術野,prismarts.hk,14/7,1:30-5:30pm,荔枝角青山道百美工廠大廈1樓B3室,,【歷程戲劇體驗活動｜《高塔之城2.0》】 @prismarts.hk | 14/7 | 荔枝角青山道百美工廠大廈1樓B3室
Y,,建造綠色工作坊 – 手捏陶瓷眼鏡座,12. 整下野,cic.zcphk,14/7,2-5pm,建造業零碳天地 CIC - Zero Carbon Park,,【建造綠色工作坊 – 手捏陶瓷眼鏡座】 @cic.zcphk | 14/7 | 建造業零碳天地 CIC - Zero Carbon Park
Y,Free,Community beach cleanups,08. 環保與大自然,hkcleanup,14/7,10am-12pm,Shek O,Snapinsta.app_447242641_1413776542675778_2664176899270868791_n_1080,【Community beach cleanups】 @hkcleanup | 14/7 | Shek O
Y,,filmclub23 TAKE 2 / 天使來過人間——“The Green Mile” directed by Frank Databont / “The Green Mile” written by Stephen King,01. 與書相遇,jisaam.books,15/7,7:30-9pm,貳叄書房(油麻地),,【filmclub23 TAKE 2 / 天使來過人間——“The Green Mile” directed by Frank Databont / “The Green Mile” written by Stephen King】 @jisaam.books | 15/7 | 貳叄書房(油麻地)
Y,Free,南亞文化研習小組：南亞種族,06. 留在香港 環遊世界,fredie.hung,15/7,,少數點文化,441359720_765321722403047_1708163004769856949_n,【南亞文化研習小組：南亞種族】 @fredie.hung | 15/7 | 少數點文化
Y,,七月設計學社,04. 香港人/社區/文化,urbanroom.social,15/7-30/7,,英皇道1046號益昌大廈地面20號舖,,【七月設計學社】 @urbanroom.social | 15/7-30/7 | 英皇道1046號益昌大廈地面20號舖
Y,,童心夏日森林之旅——觸．動自然｜5天兒童夏令日營,,kfbg.official,"15-19/7, 29/7-2/8, 12-16/8",,嘉道理農場暨植物園,,"【童心夏日森林之旅——觸．動自然｜5天兒童夏令日營】 @kfbg.official | 15-19/7, 29/7-2/8, 12-16/8 | 嘉道理農場暨植物園"
Y,,7月清潔行動：馬鞍山烏溪沙海灘,08. 環保與大自然,naturerescuehk,16/7,,馬鞍山烏溪沙海灘,,【7月清潔行動：馬鞍山烏溪沙海灘】 @naturerescuehk | 16/7 | 馬鞍山烏溪沙海灘
Y,,《同聲同氣：香港年長女同志口述史》新書分享會,01. 與書相遇,hong_kong_christian_council,16/7,3-9pm,尖沙咀加連威老道33號基督教協進大樓LG,,【《同聲同氣：香港年長女同志口述史》新書分享會】 @hong_kong_christian_council | 16/7 | 尖沙咀加連威老道33號基督教協進大樓LG
Y,,靜觀舞蹈動作治療小組 – 動身心，益身心健康計劃,11. 身心靈,cccd_hk,16/7-5/11 / 17/7-20/7,,賽馬會創意藝術中心,,【靜觀舞蹈動作治療小組 – 動身心，益身心健康計劃】 @cccd_hk | 16/7-5/11 / 17/7-20/7 | 賽馬會創意藝術中心
Y,,7月書店閱讀營——情緒大飯店,10. 親子關係,roomforlife2020,"16/7, 17/7, 18/7, 19/7",10am-4:30pm,Room For Life,,"【7月書店閱讀營——情緒大飯店】 @roomforlife2020 | 16/7, 17/7, 18/7, 19/7 | Room For Life"
Y,,建造綠色工作坊 – 頌缽淨化瑜伽,11. 身心靈,cic.zcphk,17/7,7-8pm,建造業零碳天地 CIC - Zero Carbon Park,,【建造綠色工作坊 – 頌缽淨化瑜伽】 @cic.zcphk | 17/7 | 建造業零碳天地 CIC - Zero Carbon Park
Y,,專題社區設計,04. 香港人/社區/文化,urbanroom.social,17/7-21/8,,英皇道1046號益昌大廈地面20號舖,,【專題社區設計】 @urbanroom.social | 17/7-21/8 | 英皇道1046號益昌大廈地面20號舖
Y,,親子設計學社,10. 親子關係,urbanroom.social,17/7-21/8,,英皇道1046號益昌大廈地面20號舖,,【親子設計學社】 @urbanroom.social | 17/7-21/8 | 英皇道1046號益昌大廈地面20號舖
Y,,7月清潔行動：屯門小欖海灣,08. 環保與大自然,naturerescuehk,18/7,,屯門小欖海灣,,【7月清潔行動：屯門小欖海灣】 @naturerescuehk | 18/7 | 屯門小欖海灣
Y,,bookclub23: 《沙丘之女》安部公房,01. 與書相遇,jisaam.books,"18/7, 21/7",7:30-9pm / 2-3:30pm,貳叄書房(油麻地) / (中環),,"【bookclub23: 《沙丘之女》安部公房】 @jisaam.books | 18/7, 21/7 | 貳叄書房(油麻地) / (中環)"
Y,,咖啡拉花初級班,,mybook1hk,20/7,11:30am-1pm,商務尖沙咀圖書中心,,【咖啡拉花初級班】 @mybook1hk | 20/7 | 商務尖沙咀圖書中心
Y,,gentlebooksco birthday celebration,01. 與書相遇,gentlebooksco,20/7,6:30pm,"hjem, 161 hollywood rd",,"【gentlebooksco birthday celebration】 @gentlebooksco | 20/7 | hjem, 161 hollywood rd"
Y,,𝐑𝐞 𝐓𝐫𝐞𝐚𝐬𝐮𝐫𝐞 𝐌𝐚𝐫𝐤𝐞𝐭,16. 市集,hku_sustainability,20/7,10am-4pm,HKU Haking Wong Podium,,【𝐑𝐞 𝐓𝐫𝐞𝐚𝐬𝐮𝐫𝐞 𝐌𝐚𝐫𝐤𝐞𝐭】 @hku_sustainability | 20/7 | HKU Haking Wong Podium
Y,Free,正念入門初體驗,11. 身心靈,mindful.biscuit,"20/7, 3/8",2-5pm,荃灣老圍村,Snapinsta.app_441530553_1362471214574318_4684843714777157810_n_1080,"【正念入門初體驗】 @mindful.biscuit | 20/7, 3/8 | 荃灣老圍村"
Y,,粵要講哩啲 主題市集,16. 市集,lifemarthk,20-21/7,1-8pm,D2 Place ONE 2/F The Space,,【粵要講哩啲 主題市集】 @lifemarthk | 20-21/7 | D2 Place ONE 2/F The Space
Y,,Mind Vacation 正念入門初體驗,11. 身心靈,hkhealpy,"20/7, 3/8",2-5pm,Enlightening Platform (新界荃灣老圍村),,"【Mind Vacation 正念入門初體驗】 @hkhealpy | 20/7, 3/8 | Enlightening Platform (新界荃灣老圍村)"
Y,,暑期本地深度遊：夏日柴火創作,,icommonhk,21/7,2-6pm,油麻地 果欄 / 果邊,,【暑期本地深度遊：夏日柴火創作】 @icommonhk | 21/7 | 油麻地 果欄 / 果邊
Y,,認識漁民話講座,04. 香港人/社區/文化,pakshawan619,21/7,5-7pm,白沙灣村公所,,【認識漁民話講座】 @pakshawan619 | 21/7 | 白沙灣村公所
Y,,7月清潔行動：港島大浪灣,08. 環保與大自然,naturerescuehk,21/7,,港島大浪灣,,【7月清潔行動：港島大浪灣】 @naturerescuehk | 21/7 | 港島大浪灣
Y,,「微光咖啡廳」義工招募,04. 香港人/社區/文化,the_glimmers.inthecorner,21/7開始,,,,【「微光咖啡廳」義工招募】 @the_glimmers.inthecorner | 21/7開始 | 
Y,,filmclub23 TAKE 2 / 天使來過人間——“A.I. Artificial Intelligence” directed by Steven Spielberg / “Supertoys Last All Summer Long” written by Brian Aldiss,01. 與書相遇,jisaam.books,22/7,7:30-9pm,貳叄書房(油麻地),,【filmclub23 TAKE 2 / 天使來過人間——“A.I. Artificial Intelligence” directed by Steven Spielberg / “Supertoys Last All Summer Long” written by Brian Aldiss】 @jisaam.books | 22/7 | 貳叄書房(油麻地)
Y,Free,南亞文化研習小組：南亞飲食文化,06. 留在香港 環遊世界,fredie.hung,22/7,,少數點文化,441359720_765321722403047_1708163004769856949_n,【南亞文化研習小組：南亞飲食文化】 @fredie.hung | 22/7 | 少數點文化
Y,,7月清潔行動：大嶼山大澳,08. 環保與大自然,naturerescuehk,23/7,,大嶼山大澳,,【7月清潔行動：大嶼山大澳】 @naturerescuehk | 23/7 | 大嶼山大澳
Y,,展覽導賞 | 香港再偶拾,07. 藝術野,asiaartarchive,"18/6, 23/7, 20/8",12:30-1:30pm,"CCG Library, Asia Art Archive",,"【展覽導賞 | 香港再偶拾】 @asiaartarchive | 18/6, 23/7, 20/8 | CCG Library, Asia Art Archive"
Y,,童心夏日森林之旅——童森創作｜3天藝術音樂日營,,kfbg.official,"23-25/7, 6-8/8. 20-22/8",,嘉道理農場暨植物園,,"【童心夏日森林之旅——童森創作｜3天藝術音樂日營】 @kfbg.official | 23-25/7, 6-8/8. 20-22/8 | 嘉道理農場暨植物園"
Y,,童心夏日森林之旅——森林故事探索│1天親子日營,,kfbg.official,"23, 25, 27/7, 20, 22, 24/8",,嘉道理農場暨植物園,,"【童心夏日森林之旅——森林故事探索│1天親子日營】 @kfbg.official | 23, 25, 27/7, 20, 22, 24/8 | 嘉道理農場暨植物園"
Y,,深水埗之貓貓故事館,,itssp_hkywca,"23/7, 30/7, 6/8, 13/8",3-5pm,深水埗,,"【深水埗之貓貓故事館】 @itssp_hkywca | 23/7, 30/7, 6/8, 13/8 | 深水埗"
Y,,建造綠色工作坊 - 墊上塑形普拉提,13. 運動下,cic.zcphk,"24/7, 31/7",7-8pm,建造業零碳天地 CIC - Zero Carbon Park,,"【建造綠色工作坊 - 墊上塑形普拉提】 @cic.zcphk | 24/7, 31/7 | 建造業零碳天地 CIC - Zero Carbon Park"
Y,,7月清潔行動：屯門蝴蝶灣海灣,08. 環保與大自然,naturerescuehk,25/7,,屯門蝴蝶灣海灣,,【7月清潔行動：屯門蝴蝶灣海灣】 @naturerescuehk | 25/7 | 屯門蝴蝶灣海灣
Y,,bookclub23: 《城堡》法蘭茲·卡夫卡,01. 與書相遇,jisaam.books,"25/7, 28/7",7:30-9pm / 2-3:30pm,貳叄書房(油麻地) / (中環),,"【bookclub23: 《城堡》法蘭茲·卡夫卡】 @jisaam.books | 25/7, 28/7 | 貳叄書房(油麻地) / (中環)"
Y,,【Sips & Trips】中東女行 101,06. 留在香港 環遊世界,hk.travella,26/7,7:30-9pm,尖沙嘴文化中心 Lemna of the Alchemist,,【【Sips & Trips】中東女行 101】 @hk.travella | 26/7 | 尖沙嘴文化中心 Lemna of the Alchemist
Y,,祝福手繪工作坊,12. 整下野,hillhealing,26/7,7-8:30pm,香港小童群益會總部,,【祝福手繪工作坊】 @hillhealing | 26/7 | 香港小童群益會總部
Y,,生態危機與宗教責任：拉圖對基督信仰的挑戰與寄望,01. 與書相遇,knockknockbookstore,26/7,7:30-9:30pm,knock knock 覺閣,,【生態危機與宗教責任：拉圖對基督信仰的挑戰與寄望】 @knockknockbookstore | 26/7 | knock knock 覺閣
Y,,全方位野外夜行生態團,08. 環保與大自然,hkbws1957,"26/7, 24/8",6:30-10pm,城門水塘,,"【全方位野外夜行生態團】 @hkbws1957 | 26/7, 24/8 | 城門水塘"
Y,,新達廣場生活市集,16. 市集,dreamcatcher_market,26/7-11/8,11am-9pm,大埔新達廣場L1中庭,,【新達廣場生活市集】 @dreamcatcher_market | 26/7-11/8 | 大埔新達廣場L1中庭
Y,,建造綠色工作坊 – 升級再造雨遮袋,12. 整下野,cic.zcphk,27/7,2:30-4:30pm,建造業零碳天地 CIC - Zero Carbon Park,,【建造綠色工作坊 – 升級再造雨遮袋】 @cic.zcphk | 27/7 | 建造業零碳天地 CIC - Zero Carbon Park
Y,,香港仔．海陸導賞團,05. 認識香港,thefisherhk,"15/6, 27/7, 24/8",10am-12pm,香港仔,,"【香港仔．海陸導賞團】 @thefisherhk | 15/6, 27/7, 24/8 | 香港仔"
Y,,M3氣球市集,,marketfree.m3,27-28/7,1-8pm,D2一期2樓THE SPACE,,【M3氣球市集】 @marketfree.m3 | 27-28/7 | D2一期2樓THE SPACE
Y,,《香港爵士樂圈》講座 - 第三講：香港爵士樂圈的近況探討,,fountaindechopin,28/7,3pm,Jim Hall @ Fountain,,【《香港爵士樂圈》講座 - 第三講：香港爵士樂圈的近況探討】 @fountaindechopin | 28/7 | Jim Hall @ Fountain
Y,,鐵幕旅遊：蘇聯與中亞旅居體驗分享,06. 留在香港 環遊世界,hk.travella,28/7,2:30-4pm,長沙灣太陽系同學會 SOL Mate Club,,【鐵幕旅遊：蘇聯與中亞旅居體驗分享】 @hk.travella | 28/7 | 長沙灣太陽系同學會 SOL Mate Club
Y,,7月清潔行動：南丫島蘆鬚城,08. 環保與大自然,naturerescuehk,28/7,,南丫島蘆鬚城,,【7月清潔行動：南丫島蘆鬚城】 @naturerescuehk | 28/7 | 南丫島蘆鬚城
Y,Free,Community beach cleanups,08. 環保與大自然,hkcleanup,28/7,10am-1pm,South Lemma,Snapinsta.app_447242641_1413776542675778_2664176899270868791_n_1080,【Community beach cleanups】 @hkcleanup | 28/7 | South Lemma
Y,Free,南亞文化研習小組：南亞服飾,06. 留在香港 環遊世界,fredie.hung,29/7,,少數點文化,441359720_765321722403047_1708163004769856949_n,【南亞文化研習小組：南亞服飾】 @fredie.hung | 29/7 | 少數點文化
Y,,filmclub23 TAKE 3 / 唯有失去一切,01. 與書相遇,jisaam.books,"29/7, 5/8, 12/8",7:30-9pm,貳叄書房 (油麻地),,"【filmclub23 TAKE 3 / 唯有失去一切】 @jisaam.books | 29/7, 5/8, 12/8 | 貳叄書房 (油麻地)"
Y,,「十八有藝」社區演藝計劃《身體年輪》2024-25——跨代工作坊,07. 藝術野,danceless.unlock,"29/5, 30/7, 3/8, 19/8",,Multiple locations,,"【「十八有藝」社區演藝計劃《身體年輪》2024-25——跨代工作坊】 @danceless.unlock | 29/5, 30/7, 3/8, 19/8 | Multiple locations"
Y,,7月清潔行動：屯門青龍小石灘,08. 環保與大自然,naturerescuehk,30/7,,屯門青龍小石灘,,【7月清潔行動：屯門青龍小石灘】 @naturerescuehk | 30/7 | 屯門青龍小石灘
Y,,建造綠色工作坊 – 2日劍擊訓練營,13. 運動下,cic.zcphk,1-2/8,2:30-4:30pm,建造業零碳天地 CIC - Zero Carbon Park,,【建造綠色工作坊 – 2日劍擊訓練營】 @cic.zcphk | 1-2/8 | 建造業零碳天地 CIC - Zero Carbon Park
Y,,學海書樓人生學問講座《從歷史看中國音樂現代化》,,hong_kong_central_library,3/8,2:30-4pm,香港中央圖書館地下演講廳,,【學海書樓人生學問講座《從歷史看中國音樂現代化》】 @hong_kong_central_library | 3/8 | 香港中央圖書館地下演講廳
Y,,HomeSquare 萌寵嘉年華市集,16. 市集,dreamcatcher_market,"13-14/6, 3-4/8, 10-11/8",12-7pm,沙田 HomeSquare L2 & L3/沙田新城市廣場一期一樓寵物同樂園,,"【HomeSquare 萌寵嘉年華市集】 @dreamcatcher_market | 13-14/6, 3-4/8, 10-11/8 | 沙田 HomeSquare L2 & L3/沙田新城市廣場一期一樓寵物同樂園"
Y,,「回收木造拇指琴」親子工作坊,10. 親子關係,kfbg.official,"3, 17/8",10am-3:30pm,嘉道理農場暨植物園,,"【「回收木造拇指琴」親子工作坊】 @kfbg.official | 3, 17/8 | 嘉道理農場暨植物園"
Y,,慈善普拉提班,13. 運動下,hjoyandmercy,4/8,2:30-3:30pm / 4:00-5:00pm,尖沙咀山林道20號錦興大廈601室,,【慈善普拉提班】 @hjoyandmercy | 4/8 | 尖沙咀山林道20號錦興大廈601室
Y,Free,南亞文化研習小組：南亞經濟產業,06. 留在香港 環遊世界,fredie.hung,5/8,,少數點文化,441359720_765321722403047_1708163004769856949_n,【南亞文化研習小組：南亞經濟產業】 @fredie.hung | 5/8 | 少數點文化
Y,,bookclub23: 《殘雪自選集》殘雪,01. 與書相遇,jisaam.books,"8/8, 11/8",7:30-9pm / 2-3:30pm,貳叄書房(油麻地) / (中環),,"【bookclub23: 《殘雪自選集》殘雪】 @jisaam.books | 8/8, 11/8 | 貳叄書房(油麻地) / (中環)"
Y,,繪本表達藝術課-小小班——當情緒被看見 ﹙第二期﹚,10. 親子關係,lifereading.vwlink,"8, 10, 15, 17/8",1-:30am-12pm,The LightHouse 光舍,,"【繪本表達藝術課-小小班——當情緒被看見 ﹙第二期﹚】 @lifereading.vwlink | 8, 10, 15, 17/8 | The LightHouse 光舍"
Y,,慈善普拉提班,13. 運動下,hjoyandmercy,11/8,2:30-3:30pm / 4:00-5:00pm,屯門杯渡99號(99commons) 15樓1519室,,【慈善普拉提班】 @hjoyandmercy | 11/8 | 屯門杯渡99號(99commons) 15樓1519室
Y,,【帶著繪本去旅行】Life Reading暑期繪本活動,10. 親子關係,lifereading.vwlink,14-17/8,2:30-3:45pm,德慧文化「閱讀不打烊」閱讀空間,,【【帶著繪本去旅行】Life Reading暑期繪本活動】 @lifereading.vwlink | 14-17/8 | 德慧文化「閱讀不打烊」閱讀空間
Y,,八月設計學社,04. 香港人/社區/文化,urbanroom.social,14/8-30/8,,英皇道1046號益昌大廈地面20號舖,,【八月設計學社】 @urbanroom.social | 14/8-30/8 | 英皇道1046號益昌大廈地面20號舖
Y,,bookclub23: 《生命中不能承受之輕》米蘭·昆德拉,01. 與書相遇,jisaam.books,"15/8, 18/8",7:30-9pm / 2-3:30pm,貳叄書房(油麻地) / (中環),,"【bookclub23: 《生命中不能承受之輕》米蘭·昆德拉】 @jisaam.books | 15/8, 18/8 | 貳叄書房(油麻地) / (中環)"
Y,,人人都可以係神學家：必修心法,11. 身心靈,lifeseeksunderstanding,"16, 23, 30/8, 6/9",8-9:30pm,online,,"【人人都可以係神學家：必修心法】 @lifeseeksunderstanding | 16, 23, 30/8, 6/9 | online"
Y,,【2024年「與作家會面」系列︰文學旅人】《在娛樂碎片化的年代，流行文學已不流行》,,hong_kong_central_library,24/8,2:30-4pm,大會堂公共圖書館,,【【2024年「與作家會面」系列︰文學旅人】《在娛樂碎片化的年代，流行文學已不流行》】 @hong_kong_central_library | 24/8 | 大會堂公共圖書館
Y,,《香港爵士樂圈》講座 - 第四講：「香港爵士樂圈」 的再思,,fountaindechopin,25/8,3pm,Jim Hall @ Fountain,,【《香港爵士樂圈》講座 - 第四講：「香港爵士樂圈」 的再思】 @fountaindechopin | 25/8 | Jim Hall @ Fountain
Y,,暑期本地深度遊：溝草．溝通．溝酒,,icommonhk,31/8,12-6pm,深水埗 黑窗里 / 佐敦NOVA Bar,,【暑期本地深度遊：溝草．溝通．溝酒】 @icommonhk | 31/8 | 深水埗 黑窗里 / 佐敦NOVA Bar
Y,,社區訪談工作坊,04. 香港人/社區/文化,halfcupsquat,"1, 8, 15, 21, 22/9, 6/10",11am-1pm,半杯寮,,"【社區訪談工作坊】 @halfcupsquat | 1, 8, 15, 21, 22/9, 6/10 | 半杯寮"
Y,,【應用劇場 X 幼兒教育】分享會 X體驗環節 X跨專業交流,,tefohk,14/9,10am-5pm,TEFO開放空間,,【【應用劇場 X 幼兒教育】分享會 X體驗環節 X跨專業交流】 @tefohk | 14/9 | TEFO開放空間
Y,,【應用劇場 X 青少年世代】分享會 X體驗環節 X跨專業交流,,tefohk,14/12,10am-5pm,TEFO開放空間,,【【應用劇場 X 青少年世代】分享會 X體驗環節 X跨專業交流】 @tefohk | 14/12 | TEFO開放空間